-- Supabase Data Export
-- Generated: 2025-11-21T10:38:51.890Z

-- Table: users (12 rows)
INSERT INTO users (id, email, name, phone, role, profile, created_at, updated_at) VALUES ('df946aac-f0da-43bd-9830-25b9a6dbd0e9', 'operator2@gmail.com', 'Operator 2', '7467364746574585766857', 'TOUR_OPERATOR', '{}'::jsonb, '2025-10-08T01:06:24.933053+00:00', '2025-10-08T01:06:24.933053+00:00');
INSERT INTO users (id, email, name, phone, role, profile, created_at, updated_at) VALUES ('0afbb77a-e2fa-4de8-8a24-2ed473ab7c2c', 'operator@gmail.com', 'Operator 1', NULL, 'TOUR_OPERATOR', '{}'::jsonb, '2025-10-04T11:15:52.882537+00:00', '2025-10-04T11:15:52.882537+00:00');
INSERT INTO users (id, email, name, phone, role, profile, created_at, updated_at) VALUES ('24ad6ddb-5a54-4308-8da7-42cdf8a10bea', 'agent@gmail.com', 'Agent1', '738974895', 'TRAVEL_AGENT', '{"role":"agent","agencyName":"test","phoneNumber":"738974895","officeAddress":"","specialization":["Family"],"yearsOfExperience":"","agencyRegistrationNumber":"63784632874dmhf"}'::jsonb, '2025-11-01T09:05:52.786358+00:00', '2025-11-01T09:05:54.884+00:00');
INSERT INTO users (id, email, name, phone, role, profile, created_at, updated_at) VALUES ('aec03c31-c80b-482b-8940-c20d8e6817c9', 'bali.adventure@touroperator.com', 'Operatordemo1', '', 'TOUR_OPERATOR', '{"role":"operator","websiteUrl":"","companyName":"","phoneNumber":"","businessAddress":"","companyDescription":"","businessRegistrationNumber":""}'::jsonb, '2025-11-01T10:20:41.553246+00:00', '2025-11-01T10:20:44.248+00:00');
INSERT INTO users (id, email, name, phone, role, profile, created_at, updated_at) VALUES ('610a6d73-8d0f-4ada-ad2c-d14162611612', 'java.cultural@touroperator.com', 'Operatordemo2', '', 'TOUR_OPERATOR', '{"role":"operator","websiteUrl":"","companyName":"","phoneNumber":"","businessAddress":"","companyDescription":"","businessRegistrationNumber":""}'::jsonb, '2025-11-01T10:22:17.851611+00:00', '2025-11-01T10:22:17.586+00:00');
INSERT INTO users (id, email, name, phone, role, profile, created_at, updated_at) VALUES ('1e667b74-35da-4c13-8724-420abab6afe8', 'island.transfers@touroperator.com', 'Operatordemo3', '', 'TOUR_OPERATOR', '{"role":"operator","websiteUrl":"","companyName":"","phoneNumber":"","businessAddress":"","companyDescription":"","businessRegistrationNumber":""}'::jsonb, '2025-11-01T10:24:40.393002+00:00', '2025-11-01T10:24:40.949+00:00');
INSERT INTO users (id, email, name, phone, role, profile, created_at, updated_at) VALUES ('8677a813-f17d-4100-8dfc-4b43a96b4a5c', 'bali.beach@touroperator.com', 'Operatordemo4', '', 'TOUR_OPERATOR', '{"role":"operator","websiteUrl":"","companyName":"","phoneNumber":"","businessAddress":"","companyDescription":"","businessRegistrationNumber":""}'::jsonb, '2025-11-01T10:26:34.215865+00:00', '2025-11-01T10:26:34.111+00:00');
INSERT INTO users (id, email, name, phone, role, profile, created_at, updated_at) VALUES ('d4f23770-efc9-45a7-be60-303715a93d7c', 'premium.indonesia@touroperator.com', 'Operatordemo5', '', 'TOUR_OPERATOR', '{"role":"operator","websiteUrl":"","companyName":"","phoneNumber":"","businessAddress":"","companyDescription":"","businessRegistrationNumber":""}'::jsonb, '2025-11-01T10:27:45.303347+00:00', '2025-11-01T10:27:45.695+00:00');
INSERT INTO users (id, email, name, phone, role, profile, created_at, updated_at) VALUES ('ed99082e-2a5f-4b5d-9e92-791fcc6cefaf', 'visol51331@nyfhk.com', 'Vishal', '9856859856', 'TRAVEL_AGENT', '{"role":"agent","agencyName":"visol Travels","phoneNumber":"9856859856","officeAddress":"travelselbuy","specialization":["Honeymoon","Adventure","Business","Cultural","Luxury","Family"],"yearsOfExperience":"6-10","agencyRegistrationNumber":"visol51331"}'::jsonb, '2025-11-07T05:17:46.491122+00:00', '2025-11-07T05:17:50.196+00:00');
INSERT INTO users (id, email, name, phone, role, profile, created_at, updated_at) VALUES ('e7357d50-e30b-42ca-9aab-8066f1d3d385', 'tharaka@soulsteps.lk', 'Tharaka Dharmasena', '+94778884575', 'TOUR_OPERATOR', '{"role":"operator","websiteUrl":"https://soulsteps.lk/","companyName":"soul steps - ( Luxury Sri Lankan Holidays)","phoneNumber":"+94778884575","businessAddress":"No:502/11,4th Lane, Jayagath Mawatha, Hokandara North, Hokan","companyDescription":"As enthusiastic travelers set their sights on the enchanting island of Sri Lanka, we proudly present a singular experience that transcends the ordinary. This is not merely a holiday, it''s an invitation to discover the captivating essence of Sri Lanka through an unparalleled tour that invigorates your body, captivates your mind, and nourishes your soul.","businessRegistrationNumber":"PV00291640"}'::jsonb, '2025-11-10T08:55:16.435168+00:00', '2025-11-10T08:55:21.276+00:00');
INSERT INTO users (id, email, name, phone, role, profile, created_at, updated_at) VALUES ('d128eadb-baa4-42be-80b7-c9d85ac50220', 'unitedstatesadministration@atlantictourstravel.com', 'DR. STEFANO TABACCHI', '+1 720 704 0073', 'TOUR_OPERATOR', '{"role":"operator","websiteUrl":"https://www.visitatlantictraveltours.com/","companyName":"ATLANTIC TRAVEL & TOURS","phoneNumber":"+1 720 704 0073","businessAddress":"110 16th St Suite 1460, Denver, CO, 80202, USA ","companyDescription":"Atlantic Travel & Tours, based in Denver, is a tour operator specializing in leisure and business travel with expertise in the MICE sector. We offer tailor-made solutions for individual and group trips, honeymoons, anniversaries, senior and disabled travel. We also organize cultural and educational tours for high schools, universities, cultural institutions and provide marketing and representation services for travel industry.","businessRegistrationNumber":"20211096014"}'::jsonb, '2025-11-13T16:34:59.231761+00:00', '2025-11-13T16:35:00.651+00:00');
INSERT INTO users (id, email, name, phone, role, profile, created_at, updated_at) VALUES ('bb6e8ebf-db39-4bcc-a4d6-567bfee4e82d', 'Ahmed.khattab86@outlook.com', 'Ahmed Abdelhalim', '+436608766906', 'TOUR_OPERATOR', '{"role":"operator","websiteUrl":"https://blackcameltours.com","companyName":"Black Camel Tours e. U.","phoneNumber":"+436608766906","businessAddress":"Pfarrgasse, 61/21/4","companyDescription":"\\nBlack Camel Tours is your gateway to unforgettable Egypt & Austria adventures. We craft tailor-made tours, luxurious Nile cruises, city explorations, and private transfers. With expert multi-language guides, 4–5 star stays, and immersive cultural, historical, and adventure experiences, we deliver seamless, high-quality travel moments that leave lifelong memories for international travelers.\\n\\n","businessRegistrationNumber":"FN 597139 x"}'::jsonb, '2025-11-20T17:57:31.019229+00:00', '2025-11-20T17:57:32.186+00:00');

-- Table: activity_packages (42 rows)
INSERT INTO activity_packages (id, operator_id, title, short_description, full_description, status, destination_name, destination_address, destination_city, destination_country, destination_postal_code, destination_coordinates, duration_hours, duration_minutes, difficulty_level, languages_supported, tags, meeting_point_name, meeting_point_address, meeting_point_coordinates, meeting_point_instructions, operating_days, whats_included, whats_not_included, what_to_bring, important_information, minimum_age, maximum_age, child_policy, infant_policy, age_verification_required, wheelchair_accessible, accessibility_facilities, special_assistance, cancellation_policy_type, cancellation_policy_custom, cancellation_refund_percentage, cancellation_deadline_hours, weather_policy, health_safety_requirements, health_safety_additional_info, base_price, currency, price_type, child_price_type, child_price_value, infant_price, group_discounts, seasonal_pricing, dynamic_pricing_enabled, dynamic_pricing_base_multiplier, dynamic_pricing_demand_multiplier, dynamic_pricing_season_multiplier, slug, meta_title, meta_description, created_at, updated_at, published_at) VALUES ('db89311c-ba2a-4103-be3f-82d6c60a6445', 'df946aac-f0da-43bd-9830-25b9a6dbd0e9', '', 'gcdjfgjdsghdfjgjd', '', 'draft', '', '', '', '', NULL, '(0,0)', 2, 0, 'EASY', '["EN"]'::jsonb, '[]'::jsonb, '', '', '(0,0)', NULL, '[]'::jsonb, '[]'::jsonb, '[]'::jsonb, '[]'::jsonb, NULL, 0, NULL, NULL, NULL, FALSE, FALSE, '[]'::jsonb, NULL, 'MODERATE', NULL, 80, 24, NULL, '[]'::jsonb, NULL, 0, 'USD', 'PERSON', NULL, NULL, NULL, '[]'::jsonb, '[]'::jsonb, FALSE, 1, 1, 1, '', NULL, NULL, '2025-10-08T07:40:25.348709+00:00', '2025-10-08T07:40:25.348709+00:00', NULL);
INSERT INTO activity_packages (id, operator_id, title, short_description, full_description, status, destination_name, destination_address, destination_city, destination_country, destination_postal_code, destination_coordinates, duration_hours, duration_minutes, difficulty_level, languages_supported, tags, meeting_point_name, meeting_point_address, meeting_point_coordinates, meeting_point_instructions, operating_days, whats_included, whats_not_included, what_to_bring, important_information, minimum_age, maximum_age, child_policy, infant_policy, age_verification_required, wheelchair_accessible, accessibility_facilities, special_assistance, cancellation_policy_type, cancellation_policy_custom, cancellation_refund_percentage, cancellation_deadline_hours, weather_policy, health_safety_requirements, health_safety_additional_info, base_price, currency, price_type, child_price_type, child_price_value, infant_price, group_discounts, seasonal_pricing, dynamic_pricing_enabled, dynamic_pricing_base_multiplier, dynamic_pricing_demand_multiplier, dynamic_pricing_season_multiplier, slug, meta_title, meta_description, created_at, updated_at, published_at) VALUES ('bd61ed6e-2fe8-4942-8a53-ab7477945657', 'df946aac-f0da-43bd-9830-25b9a6dbd0e9', '', 'gcdjfgjdsghdfjgjd', '', 'draft', '', '', '', '', NULL, '(0,0)', 2, 0, 'EASY', '["EN"]'::jsonb, '[]'::jsonb, '', '', '(0,0)', NULL, '[]'::jsonb, '[]'::jsonb, '[]'::jsonb, '[]'::jsonb, NULL, 0, NULL, NULL, NULL, FALSE, FALSE, '[]'::jsonb, NULL, 'MODERATE', NULL, 80, 24, NULL, '[]'::jsonb, NULL, 0, 'USD', 'PERSON', NULL, NULL, NULL, '[]'::jsonb, '[]'::jsonb, FALSE, 1, 1, 1, '-1759909233.168757', NULL, NULL, '2025-10-08T07:40:33.168757+00:00', '2025-10-08T07:40:33.168757+00:00', NULL);
INSERT INTO activity_packages (id, operator_id, title, short_description, full_description, status, destination_name, destination_address, destination_city, destination_country, destination_postal_code, destination_coordinates, duration_hours, duration_minutes, difficulty_level, languages_supported, tags, meeting_point_name, meeting_point_address, meeting_point_coordinates, meeting_point_instructions, operating_days, whats_included, whats_not_included, what_to_bring, important_information, minimum_age, maximum_age, child_policy, infant_policy, age_verification_required, wheelchair_accessible, accessibility_facilities, special_assistance, cancellation_policy_type, cancellation_policy_custom, cancellation_refund_percentage, cancellation_deadline_hours, weather_policy, health_safety_requirements, health_safety_additional_info, base_price, currency, price_type, child_price_type, child_price_value, infant_price, group_discounts, seasonal_pricing, dynamic_pricing_enabled, dynamic_pricing_base_multiplier, dynamic_pricing_demand_multiplier, dynamic_pricing_season_multiplier, slug, meta_title, meta_description, created_at, updated_at, published_at) VALUES ('76ee53a0-756e-4d11-9500-c2d9e5e544e9', 'df946aac-f0da-43bd-9830-25b9a6dbd0e9', '', 'gcdjfgjdsghdfjgjd', '', 'draft', '', '', '', '', NULL, '(0,0)', 2, 0, 'EASY', '["EN"]'::jsonb, '[]'::jsonb, '', '', '(0,0)', NULL, '[]'::jsonb, '[]'::jsonb, '[]'::jsonb, '[]'::jsonb, NULL, 0, NULL, NULL, NULL, FALSE, FALSE, '[]'::jsonb, NULL, 'MODERATE', NULL, 80, 24, NULL, '[]'::jsonb, NULL, 0, 'USD', 'PERSON', NULL, NULL, NULL, '[]'::jsonb, '[]'::jsonb, FALSE, 1, 1, 1, '-1759909278.643689', NULL, NULL, '2025-10-08T07:41:18.643689+00:00', '2025-10-08T07:41:18.643689+00:00', NULL);
INSERT INTO activity_packages (id, operator_id, title, short_description, full_description, status, destination_name, destination_address, destination_city, destination_country, destination_postal_code, destination_coordinates, duration_hours, duration_minutes, difficulty_level, languages_supported, tags, meeting_point_name, meeting_point_address, meeting_point_coordinates, meeting_point_instructions, operating_days, whats_included, whats_not_included, what_to_bring, important_information, minimum_age, maximum_age, child_policy, infant_policy, age_verification_required, wheelchair_accessible, accessibility_facilities, special_assistance, cancellation_policy_type, cancellation_policy_custom, cancellation_refund_percentage, cancellation_deadline_hours, weather_policy, health_safety_requirements, health_safety_additional_info, base_price, currency, price_type, child_price_type, child_price_value, infant_price, group_discounts, seasonal_pricing, dynamic_pricing_enabled, dynamic_pricing_base_multiplier, dynamic_pricing_demand_multiplier, dynamic_pricing_season_multiplier, slug, meta_title, meta_description, created_at, updated_at, published_at) VALUES ('1bddfbc2-6132-4626-a3de-2db9a34533d8', 'df946aac-f0da-43bd-9830-25b9a6dbd0e9', '', 'fdgfdgfdgfdgfdg', '', 'draft', '', '', '', '', NULL, '(0,0)', 2, 0, 'EASY', '["EN"]'::jsonb, '[]'::jsonb, '', '', '(0,0)', NULL, '["TUE","WED"]'::jsonb, '[]'::jsonb, '[]'::jsonb, '[]'::jsonb, NULL, 0, NULL, NULL, NULL, FALSE, FALSE, '[]'::jsonb, NULL, 'MODERATE', NULL, 80, 24, NULL, '[]'::jsonb, NULL, 0, 'USD', 'PERSON', NULL, NULL, NULL, '[]'::jsonb, '[]'::jsonb, FALSE, 1, 1, 1, '-1759909366.020460', NULL, NULL, '2025-10-08T07:42:46.02046+00:00', '2025-10-08T07:42:46.02046+00:00', NULL);
INSERT INTO activity_packages (id, operator_id, title, short_description, full_description, status, destination_name, destination_address, destination_city, destination_country, destination_postal_code, destination_coordinates, duration_hours, duration_minutes, difficulty_level, languages_supported, tags, meeting_point_name, meeting_point_address, meeting_point_coordinates, meeting_point_instructions, operating_days, whats_included, whats_not_included, what_to_bring, important_information, minimum_age, maximum_age, child_policy, infant_policy, age_verification_required, wheelchair_accessible, accessibility_facilities, special_assistance, cancellation_policy_type, cancellation_policy_custom, cancellation_refund_percentage, cancellation_deadline_hours, weather_policy, health_safety_requirements, health_safety_additional_info, base_price, currency, price_type, child_price_type, child_price_value, infant_price, group_discounts, seasonal_pricing, dynamic_pricing_enabled, dynamic_pricing_base_multiplier, dynamic_pricing_demand_multiplier, dynamic_pricing_season_multiplier, slug, meta_title, meta_description, created_at, updated_at, published_at) VALUES ('bd8151e5-3892-4c63-99b0-486ea6374414', 'df946aac-f0da-43bd-9830-25b9a6dbd0e9', '', 'fbbgfbgnhgnhgmnhbgbg', '', 'draft', '', '', '', '', NULL, '(0,0)', 2, 0, 'EASY', '["EN"]'::jsonb, '["FAMILY_FRIENDLY"]'::jsonb, '', '', '(0,0)', NULL, '["WED"]'::jsonb, '[]'::jsonb, '[]'::jsonb, '[]'::jsonb, NULL, 0, NULL, NULL, NULL, FALSE, FALSE, '[]'::jsonb, NULL, 'MODERATE', NULL, 80, 24, NULL, '[]'::jsonb, NULL, 0, 'USD', 'PERSON', NULL, NULL, NULL, '[]'::jsonb, '[]'::jsonb, FALSE, 1, 1, 1, '-1759910109.927563', NULL, NULL, '2025-10-08T07:55:09.927563+00:00', '2025-10-08T07:55:09.927563+00:00', NULL);
INSERT INTO activity_packages (id, operator_id, title, short_description, full_description, status, destination_name, destination_address, destination_city, destination_country, destination_postal_code, destination_coordinates, duration_hours, duration_minutes, difficulty_level, languages_supported, tags, meeting_point_name, meeting_point_address, meeting_point_coordinates, meeting_point_instructions, operating_days, whats_included, whats_not_included, what_to_bring, important_information, minimum_age, maximum_age, child_policy, infant_policy, age_verification_required, wheelchair_accessible, accessibility_facilities, special_assistance, cancellation_policy_type, cancellation_policy_custom, cancellation_refund_percentage, cancellation_deadline_hours, weather_policy, health_safety_requirements, health_safety_additional_info, base_price, currency, price_type, child_price_type, child_price_value, infant_price, group_discounts, seasonal_pricing, dynamic_pricing_enabled, dynamic_pricing_base_multiplier, dynamic_pricing_demand_multiplier, dynamic_pricing_season_multiplier, slug, meta_title, meta_description, created_at, updated_at, published_at) VALUES ('475e94e8-723a-4ef4-ba4d-a30109191fd8', 'df946aac-f0da-43bd-9830-25b9a6dbd0e9', '', 'vcbvnbvnbmbnmnmbnm', '', 'draft', '', '', '', '', NULL, '(0,0)', 2, 0, 'EASY', '["EN"]'::jsonb, '["FAMILY_FRIENDLY"]'::jsonb, '', '', '(0,0)', NULL, '["TUE"]'::jsonb, '[]'::jsonb, '[]'::jsonb, '[]'::jsonb, NULL, 0, NULL, NULL, NULL, FALSE, FALSE, '[]'::jsonb, NULL, 'MODERATE', NULL, 80, 24, NULL, '[]'::jsonb, NULL, 0, 'USD', 'PERSON', NULL, NULL, NULL, '[]'::jsonb, '[]'::jsonb, FALSE, 1, 1, 1, '-1759918378.010023', NULL, NULL, '2025-10-08T10:12:58.010023+00:00', '2025-10-08T10:12:58.010023+00:00', NULL);
INSERT INTO activity_packages (id, operator_id, title, short_description, full_description, status, destination_name, destination_address, destination_city, destination_country, destination_postal_code, destination_coordinates, duration_hours, duration_minutes, difficulty_level, languages_supported, tags, meeting_point_name, meeting_point_address, meeting_point_coordinates, meeting_point_instructions, operating_days, whats_included, whats_not_included, what_to_bring, important_information, minimum_age, maximum_age, child_policy, infant_policy, age_verification_required, wheelchair_accessible, accessibility_facilities, special_assistance, cancellation_policy_type, cancellation_policy_custom, cancellation_refund_percentage, cancellation_deadline_hours, weather_policy, health_safety_requirements, health_safety_additional_info, base_price, currency, price_type, child_price_type, child_price_value, infant_price, group_discounts, seasonal_pricing, dynamic_pricing_enabled, dynamic_pricing_base_multiplier, dynamic_pricing_demand_multiplier, dynamic_pricing_season_multiplier, slug, meta_title, meta_description, created_at, updated_at, published_at) VALUES ('a6301438-9ffa-468b-b4d4-dd01217400aa', 'df946aac-f0da-43bd-9830-25b9a6dbd0e9', 'test', 'dfsfdgfdg', '', 'draft', 'delhi', '', '', '', NULL, '(0,0)', 2, 0, 'EASY', '["EN"]'::jsonb, '["FAMILY_FRIENDLY","ROMANTIC"]'::jsonb, 'dsfdsfddg', 'xfdsfdfdgfd', '(0,0)', NULL, '[]'::jsonb, '[]'::jsonb, '["dsfdd"]'::jsonb, '["dfgfgfdg"]'::jsonb, NULL, 0, NULL, NULL, NULL, FALSE, FALSE, '[]'::jsonb, NULL, 'MODERATE', NULL, 80, 24, NULL, '[]'::jsonb, NULL, 100, 'USD', 'PERSON', NULL, NULL, NULL, '[]'::jsonb, '[]'::jsonb, FALSE, 1, 1, 1, 'test', NULL, NULL, '2025-10-08T12:42:14.840365+00:00', '2025-10-08T12:42:14.840365+00:00', NULL);
INSERT INTO activity_packages (id, operator_id, title, short_description, full_description, status, destination_name, destination_address, destination_city, destination_country, destination_postal_code, destination_coordinates, duration_hours, duration_minutes, difficulty_level, languages_supported, tags, meeting_point_name, meeting_point_address, meeting_point_coordinates, meeting_point_instructions, operating_days, whats_included, whats_not_included, what_to_bring, important_information, minimum_age, maximum_age, child_policy, infant_policy, age_verification_required, wheelchair_accessible, accessibility_facilities, special_assistance, cancellation_policy_type, cancellation_policy_custom, cancellation_refund_percentage, cancellation_deadline_hours, weather_policy, health_safety_requirements, health_safety_additional_info, base_price, currency, price_type, child_price_type, child_price_value, infant_price, group_discounts, seasonal_pricing, dynamic_pricing_enabled, dynamic_pricing_base_multiplier, dynamic_pricing_demand_multiplier, dynamic_pricing_season_multiplier, slug, meta_title, meta_description, created_at, updated_at, published_at) VALUES ('3938c0fe-a555-4e63-9e03-dd2e11ea3aab', 'df946aac-f0da-43bd-9830-25b9a6dbd0e9', 'test', 'dfsfdgfdg', '', 'draft', 'delhi', '', '', '', NULL, '(0,0)', 2, 0, 'EASY', '["EN"]'::jsonb, '["FAMILY_FRIENDLY","ROMANTIC"]'::jsonb, 'dsfdsfddg', 'xfdsfdfdgfd', '(0,0)', NULL, '[]'::jsonb, '[]'::jsonb, '["dsfdd"]'::jsonb, '["dfgfgfdg"]'::jsonb, NULL, 0, NULL, NULL, NULL, FALSE, FALSE, '[]'::jsonb, NULL, 'MODERATE', NULL, 80, 24, NULL, '[]'::jsonb, NULL, 100, 'USD', 'PERSON', NULL, NULL, NULL, '[]'::jsonb, '[]'::jsonb, FALSE, 1, 1, 1, 'test-1759927342.835310', NULL, NULL, '2025-10-08T12:42:22.83531+00:00', '2025-10-08T12:42:22.83531+00:00', NULL);
INSERT INTO activity_packages (id, operator_id, title, short_description, full_description, status, destination_name, destination_address, destination_city, destination_country, destination_postal_code, destination_coordinates, duration_hours, duration_minutes, difficulty_level, languages_supported, tags, meeting_point_name, meeting_point_address, meeting_point_coordinates, meeting_point_instructions, operating_days, whats_included, whats_not_included, what_to_bring, important_information, minimum_age, maximum_age, child_policy, infant_policy, age_verification_required, wheelchair_accessible, accessibility_facilities, special_assistance, cancellation_policy_type, cancellation_policy_custom, cancellation_refund_percentage, cancellation_deadline_hours, weather_policy, health_safety_requirements, health_safety_additional_info, base_price, currency, price_type, child_price_type, child_price_value, infant_price, group_discounts, seasonal_pricing, dynamic_pricing_enabled, dynamic_pricing_base_multiplier, dynamic_pricing_demand_multiplier, dynamic_pricing_season_multiplier, slug, meta_title, meta_description, created_at, updated_at, published_at) VALUES ('22053de9-b4a2-4cee-85ed-20872f243322', 'df946aac-f0da-43bd-9830-25b9a6dbd0e9', 'test', 'dfsfdgfdg', '', 'draft', 'delhi', '', '', '', NULL, '(0,0)', 2, 0, 'EASY', '["EN"]'::jsonb, '["FAMILY_FRIENDLY","ROMANTIC"]'::jsonb, 'dsfdsfddg', 'xfdsfdfdgfd', '(0,0)', NULL, '[]'::jsonb, '[]'::jsonb, '["dsfdd"]'::jsonb, '["dfgfgfdg"]'::jsonb, NULL, 0, NULL, NULL, NULL, FALSE, FALSE, '[]'::jsonb, NULL, 'MODERATE', NULL, 80, 24, NULL, '[]'::jsonb, NULL, 100, 'USD', 'PERSON', NULL, NULL, NULL, '[]'::jsonb, '[]'::jsonb, FALSE, 1, 1, 1, 'test-1759927364.661419', NULL, NULL, '2025-10-08T12:42:44.661419+00:00', '2025-10-08T12:42:44.661419+00:00', NULL);
INSERT INTO activity_packages (id, operator_id, title, short_description, full_description, status, destination_name, destination_address, destination_city, destination_country, destination_postal_code, destination_coordinates, duration_hours, duration_minutes, difficulty_level, languages_supported, tags, meeting_point_name, meeting_point_address, meeting_point_coordinates, meeting_point_instructions, operating_days, whats_included, whats_not_included, what_to_bring, important_information, minimum_age, maximum_age, child_policy, infant_policy, age_verification_required, wheelchair_accessible, accessibility_facilities, special_assistance, cancellation_policy_type, cancellation_policy_custom, cancellation_refund_percentage, cancellation_deadline_hours, weather_policy, health_safety_requirements, health_safety_additional_info, base_price, currency, price_type, child_price_type, child_price_value, infant_price, group_discounts, seasonal_pricing, dynamic_pricing_enabled, dynamic_pricing_base_multiplier, dynamic_pricing_demand_multiplier, dynamic_pricing_season_multiplier, slug, meta_title, meta_description, created_at, updated_at, published_at) VALUES ('4db2ef0e-9863-43e9-88f3-6dbf8eaa7131', 'df946aac-f0da-43bd-9830-25b9a6dbd0e9', 'test', 'dfsfdgfdg', '', 'draft', 'delhi', '', '', '', NULL, '(0,0)', 2, 0, 'EASY', '["EN"]'::jsonb, '["FAMILY_FRIENDLY","ROMANTIC"]'::jsonb, 'dsfdsfddg', 'xfdsfdfdgfd', '(0,0)', NULL, '[]'::jsonb, '[]'::jsonb, '["dsfdd"]'::jsonb, '["dfgfgfdg"]'::jsonb, NULL, 0, NULL, NULL, NULL, FALSE, FALSE, '[]'::jsonb, NULL, 'MODERATE', NULL, 80, 24, NULL, '[]'::jsonb, NULL, 100, 'USD', 'PERSON', NULL, NULL, NULL, '[]'::jsonb, '[]'::jsonb, FALSE, 1, 1, 1, 'test-1759927437.569825', NULL, NULL, '2025-10-08T12:43:57.569825+00:00', '2025-10-08T12:43:57.569825+00:00', NULL);
INSERT INTO activity_packages (id, operator_id, title, short_description, full_description, status, destination_name, destination_address, destination_city, destination_country, destination_postal_code, destination_coordinates, duration_hours, duration_minutes, difficulty_level, languages_supported, tags, meeting_point_name, meeting_point_address, meeting_point_coordinates, meeting_point_instructions, operating_days, whats_included, whats_not_included, what_to_bring, important_information, minimum_age, maximum_age, child_policy, infant_policy, age_verification_required, wheelchair_accessible, accessibility_facilities, special_assistance, cancellation_policy_type, cancellation_policy_custom, cancellation_refund_percentage, cancellation_deadline_hours, weather_policy, health_safety_requirements, health_safety_additional_info, base_price, currency, price_type, child_price_type, child_price_value, infant_price, group_discounts, seasonal_pricing, dynamic_pricing_enabled, dynamic_pricing_base_multiplier, dynamic_pricing_demand_multiplier, dynamic_pricing_season_multiplier, slug, meta_title, meta_description, created_at, updated_at, published_at) VALUES ('149c0382-3cfc-4dda-9fc1-acfe691100fa', 'df946aac-f0da-43bd-9830-25b9a6dbd0e9', 'test', 'dfsfdgfdg', '', 'draft', 'delhi', '', '', '', NULL, '(0,0)', 2, 0, 'EASY', '["EN"]'::jsonb, '["FAMILY_FRIENDLY","ROMANTIC"]'::jsonb, 'dsfdsfddg', 'xfdsfdfdgfd', '(0,0)', NULL, '[]'::jsonb, '[]'::jsonb, '["dsfdd"]'::jsonb, '["dfgfgfdg"]'::jsonb, NULL, 0, NULL, NULL, NULL, FALSE, FALSE, '[]'::jsonb, NULL, 'MODERATE', NULL, 80, 24, NULL, '[]'::jsonb, NULL, 100, 'USD', 'PERSON', NULL, NULL, NULL, '[]'::jsonb, '[]'::jsonb, FALSE, 1, 1, 1, 'test-1759927491.903519', NULL, NULL, '2025-10-08T12:44:51.903519+00:00', '2025-10-08T12:44:51.903519+00:00', NULL);
INSERT INTO activity_packages (id, operator_id, title, short_description, full_description, status, destination_name, destination_address, destination_city, destination_country, destination_postal_code, destination_coordinates, duration_hours, duration_minutes, difficulty_level, languages_supported, tags, meeting_point_name, meeting_point_address, meeting_point_coordinates, meeting_point_instructions, operating_days, whats_included, whats_not_included, what_to_bring, important_information, minimum_age, maximum_age, child_policy, infant_policy, age_verification_required, wheelchair_accessible, accessibility_facilities, special_assistance, cancellation_policy_type, cancellation_policy_custom, cancellation_refund_percentage, cancellation_deadline_hours, weather_policy, health_safety_requirements, health_safety_additional_info, base_price, currency, price_type, child_price_type, child_price_value, infant_price, group_discounts, seasonal_pricing, dynamic_pricing_enabled, dynamic_pricing_base_multiplier, dynamic_pricing_demand_multiplier, dynamic_pricing_season_multiplier, slug, meta_title, meta_description, created_at, updated_at, published_at) VALUES ('df28067f-8e92-47af-9b92-fe1ebaabbd9c', 'df946aac-f0da-43bd-9830-25b9a6dbd0e9', 'test', 'dfsfdgfdg', '', 'draft', 'delhi', '', '', '', NULL, '(0,0)', 2, 0, 'EASY', '["EN"]'::jsonb, '["FAMILY_FRIENDLY","ROMANTIC"]'::jsonb, 'dsfdsfddg', 'xfdsfdfdgfd', '(0,0)', NULL, '[]'::jsonb, '[]'::jsonb, '["dsfdd"]'::jsonb, '["dfgfgfdg"]'::jsonb, NULL, 0, NULL, NULL, NULL, FALSE, FALSE, '[]'::jsonb, NULL, 'MODERATE', NULL, 80, 24, NULL, '[]'::jsonb, NULL, 100, 'USD', 'PERSON', NULL, NULL, NULL, '[]'::jsonb, '[]'::jsonb, FALSE, 1, 1, 1, 'test-1759927510.549649', NULL, NULL, '2025-10-08T12:45:10.549649+00:00', '2025-10-08T12:45:10.549649+00:00', NULL);
INSERT INTO activity_packages (id, operator_id, title, short_description, full_description, status, destination_name, destination_address, destination_city, destination_country, destination_postal_code, destination_coordinates, duration_hours, duration_minutes, difficulty_level, languages_supported, tags, meeting_point_name, meeting_point_address, meeting_point_coordinates, meeting_point_instructions, operating_days, whats_included, whats_not_included, what_to_bring, important_information, minimum_age, maximum_age, child_policy, infant_policy, age_verification_required, wheelchair_accessible, accessibility_facilities, special_assistance, cancellation_policy_type, cancellation_policy_custom, cancellation_refund_percentage, cancellation_deadline_hours, weather_policy, health_safety_requirements, health_safety_additional_info, base_price, currency, price_type, child_price_type, child_price_value, infant_price, group_discounts, seasonal_pricing, dynamic_pricing_enabled, dynamic_pricing_base_multiplier, dynamic_pricing_demand_multiplier, dynamic_pricing_season_multiplier, slug, meta_title, meta_description, created_at, updated_at, published_at) VALUES ('a472d226-8c08-44b6-92c8-02858eecf23b', 'df946aac-f0da-43bd-9830-25b9a6dbd0e9', 'test', 'dfsfdgfdg', '', 'draft', 'delhi', '', '', '', NULL, '(0,0)', 2, 0, 'EASY', '["EN"]'::jsonb, '["FAMILY_FRIENDLY","ROMANTIC"]'::jsonb, 'dsfdsfddg', 'xfdsfdfdgfd', '(0,0)', NULL, '[]'::jsonb, '[]'::jsonb, '["dsfdd"]'::jsonb, '["dfgfgfdg"]'::jsonb, NULL, 0, NULL, NULL, NULL, FALSE, FALSE, '[]'::jsonb, NULL, 'MODERATE', NULL, 80, 24, NULL, '[]'::jsonb, NULL, 100, 'USD', 'PERSON', NULL, NULL, NULL, '[]'::jsonb, '[]'::jsonb, FALSE, 1, 1, 1, 'test-1759927638.359668', NULL, NULL, '2025-10-08T12:47:18.359668+00:00', '2025-10-08T12:47:18.359668+00:00', NULL);
INSERT INTO activity_packages (id, operator_id, title, short_description, full_description, status, destination_name, destination_address, destination_city, destination_country, destination_postal_code, destination_coordinates, duration_hours, duration_minutes, difficulty_level, languages_supported, tags, meeting_point_name, meeting_point_address, meeting_point_coordinates, meeting_point_instructions, operating_days, whats_included, whats_not_included, what_to_bring, important_information, minimum_age, maximum_age, child_policy, infant_policy, age_verification_required, wheelchair_accessible, accessibility_facilities, special_assistance, cancellation_policy_type, cancellation_policy_custom, cancellation_refund_percentage, cancellation_deadline_hours, weather_policy, health_safety_requirements, health_safety_additional_info, base_price, currency, price_type, child_price_type, child_price_value, infant_price, group_discounts, seasonal_pricing, dynamic_pricing_enabled, dynamic_pricing_base_multiplier, dynamic_pricing_demand_multiplier, dynamic_pricing_season_multiplier, slug, meta_title, meta_description, created_at, updated_at, published_at) VALUES ('b55254fc-3380-4468-86e6-35879fc5fe2e', 'df946aac-f0da-43bd-9830-25b9a6dbd0e9', 'test', 'dfsfdgfdg', '', 'draft', 'delhi', '', '', '', NULL, '(0,0)', 2, 0, 'EASY', '["EN"]'::jsonb, '["FAMILY_FRIENDLY","ROMANTIC"]'::jsonb, 'dsfdsfddg', 'xfdsfdfdgfd', '(0,0)', NULL, '[]'::jsonb, '[]'::jsonb, '["dsfdd"]'::jsonb, '["dfgfgfdg"]'::jsonb, NULL, 0, NULL, NULL, NULL, FALSE, FALSE, '[]'::jsonb, NULL, 'MODERATE', NULL, 80, 24, NULL, '[]'::jsonb, NULL, 100, 'USD', 'PERSON', NULL, NULL, NULL, '[]'::jsonb, '[]'::jsonb, FALSE, 1, 1, 1, 'test-1759927791.918384', NULL, NULL, '2025-10-08T12:49:51.918384+00:00', '2025-10-08T12:49:51.918384+00:00', NULL);
INSERT INTO activity_packages (id, operator_id, title, short_description, full_description, status, destination_name, destination_address, destination_city, destination_country, destination_postal_code, destination_coordinates, duration_hours, duration_minutes, difficulty_level, languages_supported, tags, meeting_point_name, meeting_point_address, meeting_point_coordinates, meeting_point_instructions, operating_days, whats_included, whats_not_included, what_to_bring, important_information, minimum_age, maximum_age, child_policy, infant_policy, age_verification_required, wheelchair_accessible, accessibility_facilities, special_assistance, cancellation_policy_type, cancellation_policy_custom, cancellation_refund_percentage, cancellation_deadline_hours, weather_policy, health_safety_requirements, health_safety_additional_info, base_price, currency, price_type, child_price_type, child_price_value, infant_price, group_discounts, seasonal_pricing, dynamic_pricing_enabled, dynamic_pricing_base_multiplier, dynamic_pricing_demand_multiplier, dynamic_pricing_season_multiplier, slug, meta_title, meta_description, created_at, updated_at, published_at) VALUES ('58451b55-f063-44f8-b81a-98ff522358b5', 'df946aac-f0da-43bd-9830-25b9a6dbd0e9', 'test', 'dfsfdgfdg', '', 'draft', 'delhi', '', '', '', NULL, '(0,0)', 2, 0, 'EASY', '["EN"]'::jsonb, '["FAMILY_FRIENDLY","ROMANTIC"]'::jsonb, 'dsfdsfddg', 'xfdsfdfdgfd', '(0,0)', NULL, '[]'::jsonb, '[]'::jsonb, '["dsfdd"]'::jsonb, '["dfgfgfdg"]'::jsonb, NULL, 0, NULL, NULL, NULL, FALSE, FALSE, '[]'::jsonb, NULL, 'MODERATE', NULL, 80, 24, NULL, '[]'::jsonb, NULL, 100, 'USD', 'PERSON', NULL, NULL, NULL, '[]'::jsonb, '[]'::jsonb, FALSE, 1, 1, 1, 'test-1759929094.735093', NULL, NULL, '2025-10-08T13:11:34.735093+00:00', '2025-10-08T13:11:34.735093+00:00', NULL);
INSERT INTO activity_packages (id, operator_id, title, short_description, full_description, status, destination_name, destination_address, destination_city, destination_country, destination_postal_code, destination_coordinates, duration_hours, duration_minutes, difficulty_level, languages_supported, tags, meeting_point_name, meeting_point_address, meeting_point_coordinates, meeting_point_instructions, operating_days, whats_included, whats_not_included, what_to_bring, important_information, minimum_age, maximum_age, child_policy, infant_policy, age_verification_required, wheelchair_accessible, accessibility_facilities, special_assistance, cancellation_policy_type, cancellation_policy_custom, cancellation_refund_percentage, cancellation_deadline_hours, weather_policy, health_safety_requirements, health_safety_additional_info, base_price, currency, price_type, child_price_type, child_price_value, infant_price, group_discounts, seasonal_pricing, dynamic_pricing_enabled, dynamic_pricing_base_multiplier, dynamic_pricing_demand_multiplier, dynamic_pricing_season_multiplier, slug, meta_title, meta_description, created_at, updated_at, published_at) VALUES ('856e047f-775d-4de1-b14f-cd5d747f651b', 'df946aac-f0da-43bd-9830-25b9a6dbd0e9', 'test2', 'gdhdjdjdjd', 'hdhdhdh', 'draft', 'delhi', '', '', '', NULL, '(0,0)', 2, 0, 'EASY', '["EN"]'::jsonb, '["ROMANTIC","CULTURAL"]'::jsonb, 'ydhducufu', 'hxjxixoxjdhdjd', '(0,0)', NULL, '[]'::jsonb, '["gfd"]'::jsonb, '["fggh"]'::jsonb, '[]'::jsonb, NULL, 0, NULL, NULL, NULL, FALSE, FALSE, '[]'::jsonb, NULL, 'MODERATE', NULL, 80, 24, NULL, '[]'::jsonb, NULL, 100, 'USD', 'PERSON', NULL, NULL, NULL, '[]'::jsonb, '[]'::jsonb, FALSE, 1, 1, 1, 'test2', NULL, NULL, '2025-10-08T13:28:36.276049+00:00', '2025-10-08T13:28:36.276049+00:00', NULL);
INSERT INTO activity_packages (id, operator_id, title, short_description, full_description, status, destination_name, destination_address, destination_city, destination_country, destination_postal_code, destination_coordinates, duration_hours, duration_minutes, difficulty_level, languages_supported, tags, meeting_point_name, meeting_point_address, meeting_point_coordinates, meeting_point_instructions, operating_days, whats_included, whats_not_included, what_to_bring, important_information, minimum_age, maximum_age, child_policy, infant_policy, age_verification_required, wheelchair_accessible, accessibility_facilities, special_assistance, cancellation_policy_type, cancellation_policy_custom, cancellation_refund_percentage, cancellation_deadline_hours, weather_policy, health_safety_requirements, health_safety_additional_info, base_price, currency, price_type, child_price_type, child_price_value, infant_price, group_discounts, seasonal_pricing, dynamic_pricing_enabled, dynamic_pricing_base_multiplier, dynamic_pricing_demand_multiplier, dynamic_pricing_season_multiplier, slug, meta_title, meta_description, created_at, updated_at, published_at) VALUES ('dc5ff2fb-55dd-436e-b533-cb20ec018f40', 'df946aac-f0da-43bd-9830-25b9a6dbd0e9', 'test2', 'fghhfxz', 'sfghjffyu', 'draft', 'delhi', '', '', '', NULL, '(0,0)', 2, 0, 'EASY', '["EN"]'::jsonb, '[]'::jsonb, 'tyuio', 'erty', '(0,0)', NULL, '[]'::jsonb, '["d"]'::jsonb, '["t"]'::jsonb, '[]'::jsonb, NULL, 0, NULL, NULL, NULL, FALSE, FALSE, '[]'::jsonb, NULL, 'MODERATE', NULL, 80, 24, NULL, '[]'::jsonb, NULL, 100, 'USD', 'PERSON', NULL, NULL, NULL, '[]'::jsonb, '[]'::jsonb, FALSE, 1, 1, 1, 'test2-1759930273.768221', NULL, NULL, '2025-10-08T13:31:13.768221+00:00', '2025-10-08T13:31:13.768221+00:00', NULL);
INSERT INTO activity_packages (id, operator_id, title, short_description, full_description, status, destination_name, destination_address, destination_city, destination_country, destination_postal_code, destination_coordinates, duration_hours, duration_minutes, difficulty_level, languages_supported, tags, meeting_point_name, meeting_point_address, meeting_point_coordinates, meeting_point_instructions, operating_days, whats_included, whats_not_included, what_to_bring, important_information, minimum_age, maximum_age, child_policy, infant_policy, age_verification_required, wheelchair_accessible, accessibility_facilities, special_assistance, cancellation_policy_type, cancellation_policy_custom, cancellation_refund_percentage, cancellation_deadline_hours, weather_policy, health_safety_requirements, health_safety_additional_info, base_price, currency, price_type, child_price_type, child_price_value, infant_price, group_discounts, seasonal_pricing, dynamic_pricing_enabled, dynamic_pricing_base_multiplier, dynamic_pricing_demand_multiplier, dynamic_pricing_season_multiplier, slug, meta_title, meta_description, created_at, updated_at, published_at) VALUES ('2f201c62-4aac-4021-86c7-62f95e10e7b9', 'df946aac-f0da-43bd-9830-25b9a6dbd0e9', 'test2', '', '', 'draft', '', '', '', '', NULL, '(0,0)', 2, 0, 'EASY', '["EN"]'::jsonb, '[]'::jsonb, '', '', '(0,0)', NULL, '[]'::jsonb, '[]'::jsonb, '[]'::jsonb, '[]'::jsonb, NULL, 0, NULL, NULL, NULL, FALSE, FALSE, '[]'::jsonb, NULL, 'MODERATE', NULL, 80, 24, NULL, '[]'::jsonb, NULL, 0, 'USD', 'PERSON', NULL, NULL, NULL, '[]'::jsonb, '[]'::jsonb, FALSE, 1, 1, 1, 'test2-1759930327.968017', NULL, NULL, '2025-10-08T13:32:07.968017+00:00', '2025-10-08T13:32:07.968017+00:00', NULL);
INSERT INTO activity_packages (id, operator_id, title, short_description, full_description, status, destination_name, destination_address, destination_city, destination_country, destination_postal_code, destination_coordinates, duration_hours, duration_minutes, difficulty_level, languages_supported, tags, meeting_point_name, meeting_point_address, meeting_point_coordinates, meeting_point_instructions, operating_days, whats_included, whats_not_included, what_to_bring, important_information, minimum_age, maximum_age, child_policy, infant_policy, age_verification_required, wheelchair_accessible, accessibility_facilities, special_assistance, cancellation_policy_type, cancellation_policy_custom, cancellation_refund_percentage, cancellation_deadline_hours, weather_policy, health_safety_requirements, health_safety_additional_info, base_price, currency, price_type, child_price_type, child_price_value, infant_price, group_discounts, seasonal_pricing, dynamic_pricing_enabled, dynamic_pricing_base_multiplier, dynamic_pricing_demand_multiplier, dynamic_pricing_season_multiplier, slug, meta_title, meta_description, created_at, updated_at, published_at) VALUES ('cd7007e4-dace-4173-ac09-a85c26b9b6f7', 'aec03c31-c80b-482b-8940-c20d8e6817c9', 'Mount Batur Sunrise Trekking Experience', 'Witness breathtaking sunrise from Mount Batur summit with guided trekking tour', 'Start your day early with a pick-up from your hotel and journey to Mount Batur base camp. Begin your trek in the darkness of early morning with an experienced local guide. The moderate difficulty trek takes approximately 2 hours to reach the summit at 1,717 meters. Arrive just before sunrise to witness one of the most spectacular views in Bali. Enjoy breakfast at the summit while watching the sun rise over the caldera lake and surrounding mountains. Learn about the active volcano''s history and geology from your guide. After sunrise, begin your descent back to base camp.', 'published', 'Mount Batur', 'Mount Batur Base Camp, Kintamani', 'Kintamani', 'Indonesia', NULL, '(115.3777,-8.2415)', 6, 0, 'CHALLENGING', '["EN"]'::jsonb, '["ADVENTURE","NATURE"]'::jsonb, 'Hotel Pickup', 'Your Hotel Lobby', '(115.2,-8.5)', 'Pickup time varies by hotel location. Guide will contact you the evening before.', '["MON","TUE","WED","THU","FRI","SAT","SUN"]'::jsonb, '["Professional local guide","Hotel pickup and drop-off","Breakfast at summit","Flashlight/headlamp","Trekking poles","Bottled water"]'::jsonb, '["Personal expenses","Gratuities","Travel insurance"]'::jsonb, '["Comfortable hiking shoes","Warm clothing (temperatures at summit: 10-15°C)","Camera","Extra water"]'::jsonb, 'Physical fitness required. Not suitable for children under 10 or travelers with heart problems. Weather dependent - may be cancelled due to poor conditions.', 10, NULL, NULL, NULL, FALSE, FALSE, '[]'::jsonb, NULL, 'MODERATE', NULL, 70, 48, NULL, '[]'::jsonb, NULL, 75, 'USD', 'PERSON', NULL, NULL, NULL, '[]'::jsonb, '[]'::jsonb, FALSE, 1, 1, 1, 'mount-batur-sunrise-trekking-experience', NULL, NULL, '2025-11-01T10:28:49.511863+00:00', '2025-11-01T10:28:49.511863+00:00', '2025-11-01T10:28:49.511863+00:00');
INSERT INTO activity_packages (id, operator_id, title, short_description, full_description, status, destination_name, destination_address, destination_city, destination_country, destination_postal_code, destination_coordinates, duration_hours, duration_minutes, difficulty_level, languages_supported, tags, meeting_point_name, meeting_point_address, meeting_point_coordinates, meeting_point_instructions, operating_days, whats_included, whats_not_included, what_to_bring, important_information, minimum_age, maximum_age, child_policy, infant_policy, age_verification_required, wheelchair_accessible, accessibility_facilities, special_assistance, cancellation_policy_type, cancellation_policy_custom, cancellation_refund_percentage, cancellation_deadline_hours, weather_policy, health_safety_requirements, health_safety_additional_info, base_price, currency, price_type, child_price_type, child_price_value, infant_price, group_discounts, seasonal_pricing, dynamic_pricing_enabled, dynamic_pricing_base_multiplier, dynamic_pricing_demand_multiplier, dynamic_pricing_season_multiplier, slug, meta_title, meta_description, created_at, updated_at, published_at) VALUES ('bd3e55ad-1dd7-4efb-b753-8e7ef2b6c776', 'aec03c31-c80b-482b-8940-c20d8e6817c9', 'White Water Rafting on Ayung River', 'Thrilling 2-hour rafting adventure through Bali''s scenic Ayung River', 'Experience the thrill of white water rafting on Bali''s most famous river. The Ayung River offers Class II and III rapids perfect for beginners and intermediate rafters. Navigate through lush rainforest canyons, past cascading waterfalls and traditional Balinese villages. Your professional guide will ensure your safety while sharing local stories and pointing out wildlife. The adventure includes safety equipment, professional guide, and refreshments. Perfect for families and groups seeking an adrenaline-filled day.', 'published', 'Ayung River', 'Ayung River Rafting Base, Ubud', 'Ubud', 'Indonesia', NULL, '(115.3138,-8.5069)', 2, 0, 'MODERATE', '["EN"]'::jsonb, '["ADVENTURE","FAMILY_FRIENDLY","NATURE"]'::jsonb, 'Rafting Base Camp', 'Ayung River Rafting Base, Ubud', '(115.3138,-8.5069)', 'Arrive 30 minutes before scheduled time for safety briefing and equipment fitting.', '["MON","TUE","WED","THU","FRI","SAT","SUN"]'::jsonb, '["Professional rafting guide","All safety equipment (life jacket, helmet, paddle)","Safety kayak escort","Locker for personal belongings","Shower facilities","Buffet lunch","Insurance coverage"]'::jsonb, '["Hotel transfers (available for extra charge)","Personal expenses","Gratuities"]'::jsonb, '["Swimwear","Change of clothes","Waterproof camera","Sunscreen","Towel"]'::jsonb, 'Swimming skills required. Minimum age 7 years. Not recommended for pregnant women or those with back problems.', 7, NULL, NULL, NULL, FALSE, FALSE, '[]'::jsonb, NULL, 'FLEXIBLE', NULL, 90, 24, NULL, '[]'::jsonb, NULL, 65, 'USD', 'PERSON', NULL, NULL, NULL, '[]'::jsonb, '[]'::jsonb, FALSE, 1, 1, 1, 'white-water-rafting-on-ayung-river', NULL, NULL, '2025-11-01T10:28:49.511863+00:00', '2025-11-01T10:28:49.511863+00:00', '2025-11-01T10:28:49.511863+00:00');
INSERT INTO activity_packages (id, operator_id, title, short_description, full_description, status, destination_name, destination_address, destination_city, destination_country, destination_postal_code, destination_coordinates, duration_hours, duration_minutes, difficulty_level, languages_supported, tags, meeting_point_name, meeting_point_address, meeting_point_coordinates, meeting_point_instructions, operating_days, whats_included, whats_not_included, what_to_bring, important_information, minimum_age, maximum_age, child_policy, infant_policy, age_verification_required, wheelchair_accessible, accessibility_facilities, special_assistance, cancellation_policy_type, cancellation_policy_custom, cancellation_refund_percentage, cancellation_deadline_hours, weather_policy, health_safety_requirements, health_safety_additional_info, base_price, currency, price_type, child_price_type, child_price_value, infant_price, group_discounts, seasonal_pricing, dynamic_pricing_enabled, dynamic_pricing_base_multiplier, dynamic_pricing_demand_multiplier, dynamic_pricing_season_multiplier, slug, meta_title, meta_description, created_at, updated_at, published_at) VALUES ('aee75df7-0e6a-4305-90d5-1aea4df7fac6', '610a6d73-8d0f-4ada-ad2c-d14162611612', 'Borobudur Temple Sunrise Tour', 'Magical sunrise experience at the world''s largest Buddhist temple', 'Wake up early for an unforgettable sunrise experience at Borobudur Temple, a UNESCO World Heritage Site. Arrive before dawn to climb the ancient temple and witness the sun rising over the surrounding mountains and volcanoes. Your knowledgeable guide will explain the temple''s history, architecture, and the intricate stone carvings depicting Buddhist teachings. After sunrise, enjoy breakfast with a view. This early morning timing allows you to avoid crowds and see the temple in its most beautiful light.', 'published', 'Borobudur Temple', 'Borobudur Temple Complex, Magelang', 'Magelang', 'Indonesia', NULL, '(110.2014,-7.6079)', 4, 0, 'EASY', '["EN"]'::jsonb, '["CULTURAL","NATURE","EDUCATIONAL"]'::jsonb, 'Hotel Pickup', 'Your Hotel in Yogyakarta', '(110.3708,-7.7956)', 'Early morning pickup (around 4:00 AM) from Yogyakarta hotels. Tour starts before sunrise.', '["MON","TUE","WED","THU","FRI","SAT","SUN"]'::jsonb, '["Hotel pickup and drop-off from Yogyakarta","Professional English-speaking guide","Entrance ticket to Borobudur","Sunrise access fee","Breakfast","Bottled water"]'::jsonb, '["Personal expenses","Gratuities","Travel insurance"]'::jsonb, '["Comfortable walking shoes","Camera","Light jacket (early morning can be cool)"]'::jsonb, 'Sunrise access requires special ticket. Weather dependent - refund policy applies for cancellation due to weather.', 0, NULL, NULL, NULL, FALSE, FALSE, '[]'::jsonb, NULL, 'MODERATE', NULL, 80, 24, NULL, '[]'::jsonb, NULL, 85, 'USD', 'PERSON', NULL, NULL, NULL, '[]'::jsonb, '[]'::jsonb, FALSE, 1, 1, 1, 'borobudur-temple-sunrise-tour', NULL, NULL, '2025-11-01T10:28:49.511863+00:00', '2025-11-01T10:28:49.511863+00:00', '2025-11-01T10:28:49.511863+00:00');
INSERT INTO activity_packages (id, operator_id, title, short_description, full_description, status, destination_name, destination_address, destination_city, destination_country, destination_postal_code, destination_coordinates, duration_hours, duration_minutes, difficulty_level, languages_supported, tags, meeting_point_name, meeting_point_address, meeting_point_coordinates, meeting_point_instructions, operating_days, whats_included, whats_not_included, what_to_bring, important_information, minimum_age, maximum_age, child_policy, infant_policy, age_verification_required, wheelchair_accessible, accessibility_facilities, special_assistance, cancellation_policy_type, cancellation_policy_custom, cancellation_refund_percentage, cancellation_deadline_hours, weather_policy, health_safety_requirements, health_safety_additional_info, base_price, currency, price_type, child_price_type, child_price_value, infant_price, group_discounts, seasonal_pricing, dynamic_pricing_enabled, dynamic_pricing_base_multiplier, dynamic_pricing_demand_multiplier, dynamic_pricing_season_multiplier, slug, meta_title, meta_description, created_at, updated_at, published_at) VALUES ('a68b5068-8005-4ab5-a244-58081eb6613c', '0afbb77a-e2fa-4de8-8a24-2ed473ab7c2c', 'Burj Khalifa At the Top Observation Deck Ticket in Dubai', 'Visit Burj Khalifa’s decks on floors 124, 125 & 148 for stunning Dubai views. Skip lines, ride up fast, enjoy skyline vistas, and explore fun add-on attractions', 'A visit to Burj Khalifa''s observation deck on the 124th, 125th, and 148th floors is a must-do for every visitor in Dubai. Booking your Burj Khalifa tickets in advance allows you to go straight to the elevator to ascend the world''s tallest tower at 10 meters per second. Once at the top of Burj Khalifa, enjoy breathtaking views of Dubai''s skyline, desert, and ocean through the floor-to-ceiling glass walls. Make sure to use the telescopes provided for close-up real time views of the areas below. Venture outside into the open-air terrace and enjoy a more clear perspective of the sweeping views of Dubai. Have an even greater time and pair your Burj Khalifa tickets with add ons like Dubai Aquarium & Underwater Zoo, Al Shindagha & Etihad Museum, Dubai Marina, Dubai Boardwalk Fountain Show, and more. After your day, take a moment to look through the souvenir store at the top, where you can shop for friends and family back home.', 'published', '', '', 'Dubai', 'UAE', NULL, '(0,0)', 2, 0, 'EASY', '["EN"]'::jsonb, '[]'::jsonb, 'From Hotel', 'From Hotel', '(0,0)', NULL, '[]'::jsonb, '[]'::jsonb, '[]'::jsonb, '[]'::jsonb, NULL, 0, NULL, NULL, NULL, FALSE, FALSE, '[]'::jsonb, NULL, 'MODERATE', NULL, 80, 24, NULL, '[]'::jsonb, NULL, 0, 'USD', 'PERSON', NULL, NULL, NULL, '[]'::jsonb, '[]'::jsonb, FALSE, 1, 1, 1, 'burj-khalifa-at-the-top-observation-deck-ticket-in-dubai', NULL, NULL, '2025-11-13T18:56:19.771849+00:00', '2025-11-13T18:56:19.771849+00:00', NULL);
INSERT INTO activity_packages (id, operator_id, title, short_description, full_description, status, destination_name, destination_address, destination_city, destination_country, destination_postal_code, destination_coordinates, duration_hours, duration_minutes, difficulty_level, languages_supported, tags, meeting_point_name, meeting_point_address, meeting_point_coordinates, meeting_point_instructions, operating_days, whats_included, whats_not_included, what_to_bring, important_information, minimum_age, maximum_age, child_policy, infant_policy, age_verification_required, wheelchair_accessible, accessibility_facilities, special_assistance, cancellation_policy_type, cancellation_policy_custom, cancellation_refund_percentage, cancellation_deadline_hours, weather_policy, health_safety_requirements, health_safety_additional_info, base_price, currency, price_type, child_price_type, child_price_value, infant_price, group_discounts, seasonal_pricing, dynamic_pricing_enabled, dynamic_pricing_base_multiplier, dynamic_pricing_demand_multiplier, dynamic_pricing_season_multiplier, slug, meta_title, meta_description, created_at, updated_at, published_at) VALUES ('2b5ca853-8957-415c-be49-95438fd41ba1', '0afbb77a-e2fa-4de8-8a24-2ed473ab7c2c', '6 Days in Bali: A Dreamy Escape You’ll Never Forget', 'Experience Bali in 6 days – beaches, temples, waterfalls, culture, and adventure. A perfect tropical getaway awaits you.
', 'Discover the beauty of Bali with our 5 Nights / 6 Days tour package. Explore stunning beaches, sacred temples, lush rice terraces, and vibrant local culture. Enjoy guided tours, scenic landscapes, and unforgettable sunsets. Perfect for couples, families, or solo travelers seeking relaxation, adventure, and a touch of tropical magic', 'draft', 'Bali', '', '', '', NULL, '(0,0)', 2, 0, 'EASY', '["EN"]'::jsonb, '["ADVENTURE","FAMILY_FRIENDLY","ROMANTIC","CULTURAL","NATURE","NIGHTLIFE","RELAXATION"]'::jsonb, '', '', '(0,0)', NULL, '[]'::jsonb, '[]'::jsonb, '[]'::jsonb, '[]'::jsonb, NULL, 0, NULL, NULL, NULL, FALSE, FALSE, '[]'::jsonb, NULL, 'MODERATE', NULL, 80, 24, NULL, '[]'::jsonb, NULL, 398, 'USD', 'PERSON', NULL, NULL, NULL, '[]'::jsonb, '[]'::jsonb, FALSE, 1, 1, 1, '6-days-in-bali-a-dreamy-escape-you-ll-never-forget-1760524002.310586', NULL, NULL, '2025-10-15T10:26:42.310586+00:00', '2025-10-15T10:26:42.310586+00:00', NULL);
INSERT INTO activity_packages (id, operator_id, title, short_description, full_description, status, destination_name, destination_address, destination_city, destination_country, destination_postal_code, destination_coordinates, duration_hours, duration_minutes, difficulty_level, languages_supported, tags, meeting_point_name, meeting_point_address, meeting_point_coordinates, meeting_point_instructions, operating_days, whats_included, whats_not_included, what_to_bring, important_information, minimum_age, maximum_age, child_policy, infant_policy, age_verification_required, wheelchair_accessible, accessibility_facilities, special_assistance, cancellation_policy_type, cancellation_policy_custom, cancellation_refund_percentage, cancellation_deadline_hours, weather_policy, health_safety_requirements, health_safety_additional_info, base_price, currency, price_type, child_price_type, child_price_value, infant_price, group_discounts, seasonal_pricing, dynamic_pricing_enabled, dynamic_pricing_base_multiplier, dynamic_pricing_demand_multiplier, dynamic_pricing_season_multiplier, slug, meta_title, meta_description, created_at, updated_at, published_at) VALUES ('db39ff2f-14db-46f6-9d7d-75b1b9ff7e12', '0afbb77a-e2fa-4de8-8a24-2ed473ab7c2c', 'Tanah Lot Temple', 'Visit the iconic Tanah Lot Temple, a stunning sea temple perched on a rocky outcrop, famous for its breathtaking sunset views and spiritual atmosphere in Bali.', 'Experience the magic of Bali’s coastline on this Tanah Lot Temple Tour, one of the island’s most iconic and spiritually significant destinations. Situated on a dramatic offshore rock formation, Tanah Lot Temple stands proudly against the backdrop of the Indian Ocean, offering a picture-perfect setting that captures the essence of Bali’s natural and cultural beauty.

Your journey begins with a scenic drive through traditional Balinese villages, lush rice fields, and coconut plantations. As you approach the coast, the rhythmic sound of crashing waves grows stronger, leading you to the breathtaking sight of Tanah Lot — a centuries-old Hindu sea temple dedicated to the guardian spirits of the sea. Perched on a rocky islet, it becomes separated from the mainland during high tide, creating an almost mystical illusion of a floating temple.

Visitors are often enchanted by the temple’s serene yet powerful atmosphere. Locals come here to pray and make offerings, while travelers from around the world gather to admire its beauty and cultural significance. While the temple’s inner sanctum is reserved for Balinese worshippers, the surrounding area offers plenty to explore — from scenic viewpoints and charming pathways to small shops and cafes offering local treats and souvenirs.

The highlight of the visit is the sunset at Tanah Lot, when the sky transforms into a canvas of gold, pink, and orange hues, casting a warm glow over the temple and sea below. This mesmerizing view is one of Bali’s most photographed moments and a must-see for any visitor to the island.

Whether you’re drawn by its spiritual heritage, its romantic scenery, or simply its unmatched natural beauty, Tanah Lot offers an experience that perfectly blends culture and nature. A visit here provides not just stunning photos, but a deep appreciation for Bali’s timeless charm and sacred traditions — a truly unforgettable way to end your day on the Island of the Gods.', 'published', '', '', 'Denpasar, Bali', 'Indonesia', NULL, '(0,0)', 2, 0, 'EASY', '["EN"]'::jsonb, '[]'::jsonb, 'Kuta, Legian, Seminyak, Sanur, Krobokan, Canggu.', 'Kuta, Legian, Seminyak, Sanur, Krobokan, Canggu.', '(0,0)', NULL, '[]'::jsonb, '[]'::jsonb, '[]'::jsonb, '[]'::jsonb, 'Kindly take note of the dress code. Clothes revealing the shoulders, underarms, back, and knees are not allowed in some sites on this tour; implementation may be strict. Kindly bring a sarong/scarf/sweater to cover up or wear clothes that fit the dress code.
', 0, NULL, NULL, NULL, FALSE, FALSE, '[]'::jsonb, NULL, 'MODERATE', NULL, 80, 24, NULL, '[]'::jsonb, NULL, 0, 'USD', 'PERSON', NULL, NULL, NULL, '[]'::jsonb, '[]'::jsonb, FALSE, 1, 1, 1, 'tanah-lot', NULL, NULL, '2025-11-13T09:24:46.071292+00:00', '2025-11-13T11:00:15.708021+00:00', NULL);
INSERT INTO activity_packages (id, operator_id, title, short_description, full_description, status, destination_name, destination_address, destination_city, destination_country, destination_postal_code, destination_coordinates, duration_hours, duration_minutes, difficulty_level, languages_supported, tags, meeting_point_name, meeting_point_address, meeting_point_coordinates, meeting_point_instructions, operating_days, whats_included, whats_not_included, what_to_bring, important_information, minimum_age, maximum_age, child_policy, infant_policy, age_verification_required, wheelchair_accessible, accessibility_facilities, special_assistance, cancellation_policy_type, cancellation_policy_custom, cancellation_refund_percentage, cancellation_deadline_hours, weather_policy, health_safety_requirements, health_safety_additional_info, base_price, currency, price_type, child_price_type, child_price_value, infant_price, group_discounts, seasonal_pricing, dynamic_pricing_enabled, dynamic_pricing_base_multiplier, dynamic_pricing_demand_multiplier, dynamic_pricing_season_multiplier, slug, meta_title, meta_description, created_at, updated_at, published_at) VALUES ('31833cc5-845e-4ef8-80a1-bac64345a7e9', '0afbb77a-e2fa-4de8-8a24-2ed473ab7c2c', 'Lombok activity', 'City Tour', '', 'published', '', '', 'Lombok', 'Indonesia', NULL, '(0,0)', 2, 0, 'EASY', '["EN"]'::jsonb, '[]'::jsonb, 'Hotel', 'xyz', '(0,0)', NULL, '[]'::jsonb, '[]'::jsonb, '[]'::jsonb, '[]'::jsonb, NULL, 0, NULL, NULL, NULL, FALSE, FALSE, '[]'::jsonb, NULL, 'MODERATE', NULL, 80, 24, NULL, '[]'::jsonb, NULL, 0, 'USD', 'PERSON', NULL, NULL, NULL, '[]'::jsonb, '[]'::jsonb, FALSE, 1, 1, 1, 'lombok-activity', NULL, NULL, '2025-11-16T13:06:20.305927+00:00', '2025-11-16T13:06:20.305927+00:00', NULL);
INSERT INTO activity_packages (id, operator_id, title, short_description, full_description, status, destination_name, destination_address, destination_city, destination_country, destination_postal_code, destination_coordinates, duration_hours, duration_minutes, difficulty_level, languages_supported, tags, meeting_point_name, meeting_point_address, meeting_point_coordinates, meeting_point_instructions, operating_days, whats_included, whats_not_included, what_to_bring, important_information, minimum_age, maximum_age, child_policy, infant_policy, age_verification_required, wheelchair_accessible, accessibility_facilities, special_assistance, cancellation_policy_type, cancellation_policy_custom, cancellation_refund_percentage, cancellation_deadline_hours, weather_policy, health_safety_requirements, health_safety_additional_info, base_price, currency, price_type, child_price_type, child_price_value, infant_price, group_discounts, seasonal_pricing, dynamic_pricing_enabled, dynamic_pricing_base_multiplier, dynamic_pricing_demand_multiplier, dynamic_pricing_season_multiplier, slug, meta_title, meta_description, created_at, updated_at, published_at) VALUES ('3c9a3098-637d-47d9-85e3-a05178d11579', 'aec03c31-c80b-482b-8940-c20d8e6817c9', 'Mount Batur Sunrise Trekking Experience', 'Witness breathtaking sunrise from Mount Batur summit with guided trekking tour', 'Start your day early with a pick-up from your hotel and journey to Mount Batur base camp. Begin your trek in the darkness of early morning with an experienced local guide. The moderate difficulty trek takes approximately 2 hours to reach the summit at 1,717 meters. Arrive just before sunrise to witness one of the most spectacular views in Bali.', 'published', 'Mount Batur', 'Mount Batur Base Camp, Kintamani, Bali', 'Kintamani', 'Indonesia', NULL, '(115.3777,-8.2415)', 6, 0, 'CHALLENGING', '["EN"]'::jsonb, '["ADVENTURE","NATURE"]'::jsonb, 'Hotel Pickup', 'Your Hotel Lobby - Ubud Area', '(115.3138,-8.5069)', NULL, '["MON","TUE","WED","THU","FRI","SAT","SUN"]'::jsonb, '["Professional local guide","Hotel pickup and drop-off","Breakfast at summit","Bottled water"]'::jsonb, '["Personal expenses","Gratuities"]'::jsonb, '["Comfortable hiking shoes","Warm clothing","Camera"]'::jsonb, 'Physical fitness required. Not suitable for children under 10.', 10, NULL, NULL, NULL, FALSE, FALSE, '[]'::jsonb, NULL, 'MODERATE', NULL, 70, 48, NULL, '[]'::jsonb, NULL, 75, 'USD', 'PERSON', NULL, NULL, NULL, '[]'::jsonb, '[]'::jsonb, FALSE, 1, 1, 1, 'mount-batur-sunrise-trekking-experience-1761994002.607284', NULL, NULL, '2025-11-01T10:46:42.607284+00:00', '2025-11-01T10:46:42.607284+00:00', '2025-11-01T10:46:42.607284+00:00');
INSERT INTO activity_packages (id, operator_id, title, short_description, full_description, status, destination_name, destination_address, destination_city, destination_country, destination_postal_code, destination_coordinates, duration_hours, duration_minutes, difficulty_level, languages_supported, tags, meeting_point_name, meeting_point_address, meeting_point_coordinates, meeting_point_instructions, operating_days, whats_included, whats_not_included, what_to_bring, important_information, minimum_age, maximum_age, child_policy, infant_policy, age_verification_required, wheelchair_accessible, accessibility_facilities, special_assistance, cancellation_policy_type, cancellation_policy_custom, cancellation_refund_percentage, cancellation_deadline_hours, weather_policy, health_safety_requirements, health_safety_additional_info, base_price, currency, price_type, child_price_type, child_price_value, infant_price, group_discounts, seasonal_pricing, dynamic_pricing_enabled, dynamic_pricing_base_multiplier, dynamic_pricing_demand_multiplier, dynamic_pricing_season_multiplier, slug, meta_title, meta_description, created_at, updated_at, published_at) VALUES ('b62d423d-eeac-466e-aa96-215dff789ef0', 'aec03c31-c80b-482b-8940-c20d8e6817c9', 'White Water Rafting on Ayung River', 'Thrilling 2-hour rafting adventure through Bali''s scenic Ayung River', 'Experience the thrill of white water rafting on Bali''s most famous river. The Ayung River offers Class II and III rapids perfect for beginners and intermediate rafters. Navigate through lush rainforest canyons, past cascading waterfalls and traditional Balinese villages.', 'published', 'Ayung River', 'Ayung River Rafting Base, Ubud, Bali', 'Ubud', 'Indonesia', NULL, '(115.3138,-8.5069)', 2, 0, 'MODERATE', '["EN"]'::jsonb, '["ADVENTURE","FAMILY_FRIENDLY","NATURE"]'::jsonb, 'Rafting Base Camp', 'Ayung River Rafting Base, Ubud, Bali', '(115.3138,-8.5069)', NULL, '["MON","TUE","WED","THU","FRI","SAT","SUN"]'::jsonb, '["Professional rafting guide","All safety equipment","Buffet lunch"]'::jsonb, '["Personal expenses","Gratuities"]'::jsonb, '["Swimwear","Change of clothes","Waterproof camera"]'::jsonb, 'Swimming skills required. Minimum age 7 years.', 7, NULL, NULL, NULL, FALSE, FALSE, '[]'::jsonb, NULL, 'FLEXIBLE', NULL, 90, 24, NULL, '[]'::jsonb, NULL, 65, 'USD', 'PERSON', NULL, NULL, NULL, '[]'::jsonb, '[]'::jsonb, FALSE, 1, 1, 1, 'white-water-rafting-on-ayung-river-1761994002.607284', NULL, NULL, '2025-11-01T10:46:42.607284+00:00', '2025-11-01T10:46:42.607284+00:00', '2025-11-01T10:46:42.607284+00:00');
INSERT INTO activity_packages (id, operator_id, title, short_description, full_description, status, destination_name, destination_address, destination_city, destination_country, destination_postal_code, destination_coordinates, duration_hours, duration_minutes, difficulty_level, languages_supported, tags, meeting_point_name, meeting_point_address, meeting_point_coordinates, meeting_point_instructions, operating_days, whats_included, whats_not_included, what_to_bring, important_information, minimum_age, maximum_age, child_policy, infant_policy, age_verification_required, wheelchair_accessible, accessibility_facilities, special_assistance, cancellation_policy_type, cancellation_policy_custom, cancellation_refund_percentage, cancellation_deadline_hours, weather_policy, health_safety_requirements, health_safety_additional_info, base_price, currency, price_type, child_price_type, child_price_value, infant_price, group_discounts, seasonal_pricing, dynamic_pricing_enabled, dynamic_pricing_base_multiplier, dynamic_pricing_demand_multiplier, dynamic_pricing_season_multiplier, slug, meta_title, meta_description, created_at, updated_at, published_at) VALUES ('85fcd190-eabb-4b7c-958a-aef95b070c00', '610a6d73-8d0f-4ada-ad2c-d14162611612', 'Borobudur Temple Sunrise Tour', 'Magical sunrise experience at the world''s largest Buddhist temple', 'Wake up early for an unforgettable sunrise experience at Borobudur Temple, a UNESCO World Heritage Site.', 'published', 'Borobudur Temple', 'Borobudur Temple Complex, Magelang Regency, Central Java', 'Magelang', 'Indonesia', NULL, '(110.2014,-7.6079)', 4, 0, 'EASY', '["EN"]'::jsonb, '["CULTURAL","NATURE","EDUCATIONAL"]'::jsonb, 'Hotel Pickup', 'Your Hotel in Yogyakarta', '(110.3708,-7.7956)', NULL, '["MON","TUE","WED","THU","FRI","SAT","SUN"]'::jsonb, '["Hotel pickup and drop-off","Professional guide","Entrance ticket","Breakfast"]'::jsonb, '["Personal expenses","Gratuities"]'::jsonb, '["Comfortable walking shoes","Camera","Light jacket"]'::jsonb, 'Early morning pickup around 4:00 AM.', 0, NULL, NULL, NULL, FALSE, FALSE, '[]'::jsonb, NULL, 'MODERATE', NULL, 80, 24, NULL, '[]'::jsonb, NULL, 85, 'USD', 'PERSON', NULL, NULL, NULL, '[]'::jsonb, '[]'::jsonb, FALSE, 1, 1, 1, 'borobudur-temple-sunrise-tour-1761994002.607284', NULL, NULL, '2025-11-01T10:46:42.607284+00:00', '2025-11-01T10:46:42.607284+00:00', '2025-11-01T10:46:42.607284+00:00');
INSERT INTO activity_packages (id, operator_id, title, short_description, full_description, status, destination_name, destination_address, destination_city, destination_country, destination_postal_code, destination_coordinates, duration_hours, duration_minutes, difficulty_level, languages_supported, tags, meeting_point_name, meeting_point_address, meeting_point_coordinates, meeting_point_instructions, operating_days, whats_included, whats_not_included, what_to_bring, important_information, minimum_age, maximum_age, child_policy, infant_policy, age_verification_required, wheelchair_accessible, accessibility_facilities, special_assistance, cancellation_policy_type, cancellation_policy_custom, cancellation_refund_percentage, cancellation_deadline_hours, weather_policy, health_safety_requirements, health_safety_additional_info, base_price, currency, price_type, child_price_type, child_price_value, infant_price, group_discounts, seasonal_pricing, dynamic_pricing_enabled, dynamic_pricing_base_multiplier, dynamic_pricing_demand_multiplier, dynamic_pricing_season_multiplier, slug, meta_title, meta_description, created_at, updated_at, published_at) VALUES ('0d0a3b70-52d8-42e9-a89b-072efea371d0', '610a6d73-8d0f-4ada-ad2c-d14162611612', 'Prambanan Temple Complex Tour', 'Explore the largest Hindu temple complex in Indonesia', 'Discover the magnificent Prambanan Temple Complex, a UNESCO World Heritage Site and the largest Hindu temple site in Indonesia.', 'published', 'Prambanan Temple', 'Prambanan Temple Complex, Sleman Regency, Yogyakarta', 'Yogyakarta', 'Indonesia', NULL, '(110.4944,-7.752)', 3, 0, 'EASY', '["EN"]'::jsonb, '["CULTURAL","EDUCATIONAL"]'::jsonb, 'Hotel Pickup', 'Your Hotel in Yogyakarta', '(110.3708,-7.7956)', NULL, '["MON","TUE","WED","THU","FRI","SAT","SUN"]'::jsonb, '["Hotel pickup and drop-off","Professional guide","Entrance ticket"]'::jsonb, '["Personal expenses","Gratuities"]'::jsonb, '["Comfortable walking shoes","Camera"]'::jsonb, 'Sunrise access requires special ticket.', 0, NULL, NULL, NULL, FALSE, FALSE, '[]'::jsonb, NULL, 'MODERATE', NULL, 80, 24, NULL, '[]'::jsonb, NULL, 50, 'USD', 'PERSON', NULL, NULL, NULL, '[]'::jsonb, '[]'::jsonb, FALSE, 1, 1, 1, 'prambanan-temple-complex-tour', NULL, NULL, '2025-11-01T10:46:42.607284+00:00', '2025-11-01T10:46:42.607284+00:00', '2025-11-01T10:46:42.607284+00:00');
INSERT INTO activity_packages (id, operator_id, title, short_description, full_description, status, destination_name, destination_address, destination_city, destination_country, destination_postal_code, destination_coordinates, duration_hours, duration_minutes, difficulty_level, languages_supported, tags, meeting_point_name, meeting_point_address, meeting_point_coordinates, meeting_point_instructions, operating_days, whats_included, whats_not_included, what_to_bring, important_information, minimum_age, maximum_age, child_policy, infant_policy, age_verification_required, wheelchair_accessible, accessibility_facilities, special_assistance, cancellation_policy_type, cancellation_policy_custom, cancellation_refund_percentage, cancellation_deadline_hours, weather_policy, health_safety_requirements, health_safety_additional_info, base_price, currency, price_type, child_price_type, child_price_value, infant_price, group_discounts, seasonal_pricing, dynamic_pricing_enabled, dynamic_pricing_base_multiplier, dynamic_pricing_demand_multiplier, dynamic_pricing_season_multiplier, slug, meta_title, meta_description, created_at, updated_at, published_at) VALUES ('7f02f57c-8321-4710-b492-f2271c4345d4', '8677a813-f17d-4100-8dfc-4b43a96b4a5c', 'Surfing Lessons in Canggu', 'Learn to surf on Bali''s famous Canggu Beach with professional instructors', 'Perfect for beginners and intermediate surfers. Learn from certified instructors on one of Bali''s most popular surf beaches.', 'published', 'Canggu Beach', 'Canggu Beach, North Kuta, Badung Regency, Bali', 'Canggu', 'Indonesia', NULL, '(115.1424,-8.6482)', 2, 0, 'EASY', '["EN"]'::jsonb, '["SPORTS","FAMILY_FRIENDLY"]'::jsonb, 'Canggu Beach', 'Canggu Beach, Bali', '(115.1424,-8.6482)', NULL, '["MON","TUE","WED","THU","FRI","SAT","SUN"]'::jsonb, '["Professional instructor","Surfboard and equipment","Rash guard"]'::jsonb, '["Personal expenses","Gratuities"]'::jsonb, '["Swimwear","Sunscreen","Towel"]'::jsonb, 'Swimming skills required. Suitable for ages 8 and above.', 8, NULL, NULL, NULL, FALSE, FALSE, '[]'::jsonb, NULL, 'MODERATE', NULL, 80, 24, NULL, '[]'::jsonb, NULL, 45, 'USD', 'PERSON', NULL, NULL, NULL, '[]'::jsonb, '[]'::jsonb, FALSE, 1, 1, 1, 'surfing-lessons-in-canggu', NULL, NULL, '2025-11-01T10:46:42.607284+00:00', '2025-11-01T10:46:42.607284+00:00', '2025-11-01T10:46:42.607284+00:00');
INSERT INTO activity_packages (id, operator_id, title, short_description, full_description, status, destination_name, destination_address, destination_city, destination_country, destination_postal_code, destination_coordinates, duration_hours, duration_minutes, difficulty_level, languages_supported, tags, meeting_point_name, meeting_point_address, meeting_point_coordinates, meeting_point_instructions, operating_days, whats_included, whats_not_included, what_to_bring, important_information, minimum_age, maximum_age, child_policy, infant_policy, age_verification_required, wheelchair_accessible, accessibility_facilities, special_assistance, cancellation_policy_type, cancellation_policy_custom, cancellation_refund_percentage, cancellation_deadline_hours, weather_policy, health_safety_requirements, health_safety_additional_info, base_price, currency, price_type, child_price_type, child_price_value, infant_price, group_discounts, seasonal_pricing, dynamic_pricing_enabled, dynamic_pricing_base_multiplier, dynamic_pricing_demand_multiplier, dynamic_pricing_season_multiplier, slug, meta_title, meta_description, created_at, updated_at, published_at) VALUES ('0ece434d-128a-43e3-9945-6f5aa9e11c05', '8677a813-f17d-4100-8dfc-4b43a96b4a5c', 'Snorkeling Day Trip to Nusa Penida', 'Full day snorkeling adventure exploring Nusa Penida''s crystal clear waters', 'Full day snorkeling adventure exploring the crystal clear waters around Nusa Penida island, home to diverse marine life.', 'published', 'Nusa Penida', 'Nusa Penida Island, Klungkung Regency, Bali', 'Nusa Penida', 'Indonesia', NULL, '(115.54,-8.725)', 8, 0, 'EASY', '["EN"]'::jsonb, '["NATURE","FAMILY_FRIENDLY"]'::jsonb, 'Sanur Harbor', 'Sanur Harbor, Sanur, Bali', '(115.2622,-8.6844)', NULL, '["MON","TUE","WED","THU","FRI","SAT","SUN"]'::jsonb, '["Boat transfer","Snorkeling equipment","Lunch","Guide","Hotel pickup"]'::jsonb, '["Personal expenses","Gratuities"]'::jsonb, '["Swimwear","Sunscreen","Towels","Camera"]'::jsonb, 'Swimming skills required. Suitable for ages 6 and above.', 6, NULL, NULL, NULL, FALSE, FALSE, '[]'::jsonb, NULL, 'MODERATE', NULL, 80, 48, NULL, '[]'::jsonb, NULL, 95, 'USD', 'PERSON', NULL, NULL, NULL, '[]'::jsonb, '[]'::jsonb, FALSE, 1, 1, 1, 'snorkeling-day-trip-to-nusa-penida', NULL, NULL, '2025-11-01T10:46:42.607284+00:00', '2025-11-01T10:46:42.607284+00:00', '2025-11-01T10:46:42.607284+00:00');
INSERT INTO activity_packages (id, operator_id, title, short_description, full_description, status, destination_name, destination_address, destination_city, destination_country, destination_postal_code, destination_coordinates, duration_hours, duration_minutes, difficulty_level, languages_supported, tags, meeting_point_name, meeting_point_address, meeting_point_coordinates, meeting_point_instructions, operating_days, whats_included, whats_not_included, what_to_bring, important_information, minimum_age, maximum_age, child_policy, infant_policy, age_verification_required, wheelchair_accessible, accessibility_facilities, special_assistance, cancellation_policy_type, cancellation_policy_custom, cancellation_refund_percentage, cancellation_deadline_hours, weather_policy, health_safety_requirements, health_safety_additional_info, base_price, currency, price_type, child_price_type, child_price_value, infant_price, group_discounts, seasonal_pricing, dynamic_pricing_enabled, dynamic_pricing_base_multiplier, dynamic_pricing_demand_multiplier, dynamic_pricing_season_multiplier, slug, meta_title, meta_description, created_at, updated_at, published_at) VALUES ('5d70d519-a249-497c-8f3c-dbe7644506ed', 'd4f23770-efc9-45a7-be60-303715a93d7c', 'Private Balinese Cooking Class in Ubud', 'Learn to cook traditional Balinese dishes in a private setting', 'Private cooking class experience in Ubud where you''ll learn to prepare authentic Balinese dishes using traditional methods and local ingredients.', 'published', 'Ubud', 'Ubud Cooking School, Ubud, Gianyar Regency, Bali', 'Ubud', 'Indonesia', NULL, '(115.3138,-8.5069)', 4, 0, 'EASY', '["EN"]'::jsonb, '["FOOD","CULTURAL","EDUCATIONAL"]'::jsonb, 'Cooking School', 'Ubud Cooking School, Ubud, Bali', '(115.3138,-8.5069)', NULL, '["MON","TUE","WED","THU","FRI","SAT","SUN"]'::jsonb, '["Professional chef instructor","All ingredients","Recipe cards","Meal included"]'::jsonb, '["Personal expenses","Gratuities"]'::jsonb, '["Comfortable clothing","Apron provided"]'::jsonb, 'Private class for up to 6 people. Vegetarian options available.', 0, NULL, NULL, NULL, FALSE, FALSE, '[]'::jsonb, NULL, 'FLEXIBLE', NULL, 90, 24, NULL, '[]'::jsonb, NULL, 85, 'USD', 'PERSON', NULL, NULL, NULL, '[]'::jsonb, '[]'::jsonb, FALSE, 1, 1, 1, 'private-balinese-cooking-class-in-ubud', NULL, NULL, '2025-11-01T10:46:42.607284+00:00', '2025-11-01T10:46:42.607284+00:00', '2025-11-01T10:46:42.607284+00:00');
INSERT INTO activity_packages (id, operator_id, title, short_description, full_description, status, destination_name, destination_address, destination_city, destination_country, destination_postal_code, destination_coordinates, duration_hours, duration_minutes, difficulty_level, languages_supported, tags, meeting_point_name, meeting_point_address, meeting_point_coordinates, meeting_point_instructions, operating_days, whats_included, whats_not_included, what_to_bring, important_information, minimum_age, maximum_age, child_policy, infant_policy, age_verification_required, wheelchair_accessible, accessibility_facilities, special_assistance, cancellation_policy_type, cancellation_policy_custom, cancellation_refund_percentage, cancellation_deadline_hours, weather_policy, health_safety_requirements, health_safety_additional_info, base_price, currency, price_type, child_price_type, child_price_value, infant_price, group_discounts, seasonal_pricing, dynamic_pricing_enabled, dynamic_pricing_base_multiplier, dynamic_pricing_demand_multiplier, dynamic_pricing_season_multiplier, slug, meta_title, meta_description, created_at, updated_at, published_at) VALUES ('36f4fd26-7169-44e4-af45-356b607464a4', '0afbb77a-e2fa-4de8-8a24-2ed473ab7c2c', 'Half Day Dubai City Tour Morning', 'Explore Dubai’s top landmarks with a half-day morning city tour and one-way Palm Monorail ride to Atlantis. Includes hotel pick-up, guide & photo stops.', 'Discover the best of Dubai in just half a day with this Dubai City Tour with One-Way Monorail Ticket, a perfect blend of old-world charm and modern marvels.
This guided sightseeing tour takes you through Dubai’s most famous landmarks, from the historic Al Seef Village and Dubai Frame to the futuristic Museum of the Future and the luxurious Palm Jumeirah.
The highlight of this tour is an unforgettable one-way Palm Monorail ride, giving you elevated views of Dubai’s skyline, beaches, and the world-renowned Atlantis The Palm resort.
Whether you’re visiting Dubai for the first time or looking to rediscover its beauty, this tour is designed to give you a comprehensive experience in comfort and style.', 'draft', 'Dubai', '', 'Dubai', 'Dubai', NULL, '(0,0)', 5, 0, 'EASY', '["EN"]'::jsonb, '[]'::jsonb, 'Hotel Pick Up', 'All Dubai', '(0,0)', 'NA', '[]'::jsonb, '["Round-trip transfers to and from your hotel in Dubai","English-speaking guide","Photo Stop from outside Burj Al Arab","Al Seef Village – Photo Stop","Dubai Frame – Photo Stop","Jumeirah Beach – Photo Stop","Burj Al Arab – Drive-Through View","Museum of the Future – Photo Stop","Palm Jumeirah & Atlantis Hotel – Scenic Drive","Sheikh Zayed Road – Drive-Through","Bottled water in the coach"]'::jsonb, '["Meals or personal expenses","Other personal expenses","Tips and gratuities"]'::jsonb, '[]'::jsonb, NULL, 0, NULL, NULL, NULL, FALSE, FALSE, '[]'::jsonb, NULL, 'MODERATE', NULL, 80, 24, NULL, '[]'::jsonb, NULL, 45, 'USD', 'PERSON', NULL, NULL, NULL, '[]'::jsonb, '[]'::jsonb, FALSE, 1, 1, 1, 'dubai-city-tour-morning', NULL, NULL, '2025-10-23T09:14:51.4032+00:00', '2025-10-27T12:44:09.337339+00:00', NULL);
INSERT INTO activity_packages (id, operator_id, title, short_description, full_description, status, destination_name, destination_address, destination_city, destination_country, destination_postal_code, destination_coordinates, duration_hours, duration_minutes, difficulty_level, languages_supported, tags, meeting_point_name, meeting_point_address, meeting_point_coordinates, meeting_point_instructions, operating_days, whats_included, whats_not_included, what_to_bring, important_information, minimum_age, maximum_age, child_policy, infant_policy, age_verification_required, wheelchair_accessible, accessibility_facilities, special_assistance, cancellation_policy_type, cancellation_policy_custom, cancellation_refund_percentage, cancellation_deadline_hours, weather_policy, health_safety_requirements, health_safety_additional_info, base_price, currency, price_type, child_price_type, child_price_value, infant_price, group_discounts, seasonal_pricing, dynamic_pricing_enabled, dynamic_pricing_base_multiplier, dynamic_pricing_demand_multiplier, dynamic_pricing_season_multiplier, slug, meta_title, meta_description, created_at, updated_at, published_at) VALUES ('3d7099ed-39ca-4d5b-b6fc-f38e016c4689', '0afbb77a-e2fa-4de8-8a24-2ed473ab7c2c', 'Ha Long Bay Day Tour & Titop Island By Ha Long Diamond Luxury Cruise', 'Ha Long Bay Day Tour & Titop Island By Ha Long Diamond Luxury Cruise', 'Explore Ha Long Bay & visit top attractions: Ti Top Island & Sung Sot Cave with Diamond cruise
Round-trip transfer from Hanoi & Ha Long
Enjoy buffet lunch & optional kayaking/bamboo boat ride', 'published', '', '', 'hanoi ', 'Vietnam ', NULL, '(0,0)', 2, 0, 'EASY', '["EN"]'::jsonb, '[]'::jsonb, 'ha long ', 'Bãi Cháy, Hạ Long, Quảng Ninh', '(0,0)', NULL, '[]'::jsonb, '["Round-trip transfer","lunch"]'::jsonb, '[]'::jsonb, '[]'::jsonb, NULL, 0, NULL, NULL, NULL, FALSE, FALSE, '[]'::jsonb, NULL, 'MODERATE', NULL, 80, 24, NULL, '[]'::jsonb, NULL, 0, 'USD', 'PERSON', NULL, NULL, NULL, '[]'::jsonb, '[]'::jsonb, FALSE, 1, 1, 1, 'ha-long-bay-day-tour-titop-island-by-ha-long-diamond-luxury-cruise', NULL, NULL, '2025-11-12T17:57:01.156486+00:00', '2025-11-12T18:00:13.618548+00:00', NULL);
INSERT INTO activity_packages (id, operator_id, title, short_description, full_description, status, destination_name, destination_address, destination_city, destination_country, destination_postal_code, destination_coordinates, duration_hours, duration_minutes, difficulty_level, languages_supported, tags, meeting_point_name, meeting_point_address, meeting_point_coordinates, meeting_point_instructions, operating_days, whats_included, whats_not_included, what_to_bring, important_information, minimum_age, maximum_age, child_policy, infant_policy, age_verification_required, wheelchair_accessible, accessibility_facilities, special_assistance, cancellation_policy_type, cancellation_policy_custom, cancellation_refund_percentage, cancellation_deadline_hours, weather_policy, health_safety_requirements, health_safety_additional_info, base_price, currency, price_type, child_price_type, child_price_value, infant_price, group_discounts, seasonal_pricing, dynamic_pricing_enabled, dynamic_pricing_base_multiplier, dynamic_pricing_demand_multiplier, dynamic_pricing_season_multiplier, slug, meta_title, meta_description, created_at, updated_at, published_at) VALUES ('259bfe8e-fa53-400e-a942-ab5632a1ddd1', '0afbb77a-e2fa-4de8-8a24-2ed473ab7c2c', 'Ninh Binh Day Tour from Ha Noi: Hoa Lu, Trang An and Hang Mua Cave', 'Ninh Binh Day Tour from Ha Noi: Hoa Lu, Trang An and Hang Mua Cave', 'Discover the beauty and rich history of Vietnam’s countryside on this memorable adventure from Hanoi
Explore the historic capital of Hoa Lu on a scenic bike tour and visit the famed ancient Dinh King temple
Enjoy a Vietnamese buffet lunch with vegetarian options and Ninh Binh’s famous goat meat specialty
Be in awe at a breathtaking panoramic view of the region after a fun climb up to Ngoa Long (Lying Dragon) Mountain
Hop aboard a sampan boat and admire the beauty of Trang An’s natural landscapes
Free using of umbrella during the trip', 'published', '', '', 'hanoi', 'Vietnam ', NULL, '(0,0)', 2, 0, 'EASY', '["EN"]'::jsonb, '[]'::jsonb, 'hotel pick up', 'hotel pick up', '(0,0)', NULL, '[]'::jsonb, '["Vietnamese buffet lunch with vegetarian options"]'::jsonb, '[]'::jsonb, '[]'::jsonb, NULL, 0, NULL, NULL, NULL, FALSE, FALSE, '[]'::jsonb, NULL, 'MODERATE', NULL, 80, 24, NULL, '[]'::jsonb, NULL, 0, 'USD', 'PERSON', NULL, NULL, NULL, '[]'::jsonb, '[]'::jsonb, FALSE, 1, 1, 1, 'ninh-binh-day-tour-from-ha-noi-hoa-lu-trang-an-and-hang-mua-cave', NULL, NULL, '2025-11-12T18:07:44.420167+00:00', '2025-11-12T18:07:52.039787+00:00', NULL);
INSERT INTO activity_packages (id, operator_id, title, short_description, full_description, status, destination_name, destination_address, destination_city, destination_country, destination_postal_code, destination_coordinates, duration_hours, duration_minutes, difficulty_level, languages_supported, tags, meeting_point_name, meeting_point_address, meeting_point_coordinates, meeting_point_instructions, operating_days, whats_included, whats_not_included, what_to_bring, important_information, minimum_age, maximum_age, child_policy, infant_policy, age_verification_required, wheelchair_accessible, accessibility_facilities, special_assistance, cancellation_policy_type, cancellation_policy_custom, cancellation_refund_percentage, cancellation_deadline_hours, weather_policy, health_safety_requirements, health_safety_additional_info, base_price, currency, price_type, child_price_type, child_price_value, infant_price, group_discounts, seasonal_pricing, dynamic_pricing_enabled, dynamic_pricing_base_multiplier, dynamic_pricing_demand_multiplier, dynamic_pricing_season_multiplier, slug, meta_title, meta_description, created_at, updated_at, published_at) VALUES ('9f2b72a0-4fcf-4c52-99ac-59168a34f7cf', '0afbb77a-e2fa-4de8-8a24-2ed473ab7c2c', 'Combo package (Banana, Parasailing, Jet ski)', 'ChatGPT said:

Enjoy an exciting combo water sports package with banana boat rides, parasailing, and jet skiing for an adrenaline-packed adventure in Bali.', 'Experience the ultimate adrenaline rush with our Combo Water Sports Package in Bali, featuring banana boat rides, parasailing, and jet skiing. This package is perfect for thrill-seekers, adventure enthusiasts, and anyone looking to make the most of Bali’s crystal-clear waters and sunny skies. It’s a full day of fun, excitement, and unforgettable memories on the ocean.

Your adventure begins with the banana boat ride, a classic water activity that guarantees laughter and thrills. Hop on the inflatable banana-shaped boat and hold on tight as you’re towed across the waves by a speedboat. Twist, turn, and bounce along the water with your friends or family, creating moments of pure excitement and joy. It’s an activity that’s both safe and exhilarating, perfect for all ages.

Next, take to the skies with parasailing, one of Bali’s most spectacular experiences. Soar high above the ocean and enjoy panoramic views of the coastline, beaches, and turquoise waters below. The gentle breeze and stunning vistas make parasailing both thrilling and serene, giving you a unique perspective of Bali from above. Whether you’re flying solo or with a partner, it’s an unforgettable way to capture the beauty of the island.

Finally, feel the power and freedom of a jet ski ride, racing across the waves and exploring the open sea at your own pace. Navigate through Bali’s beautiful coastline, experience the rush of speed, and enjoy the water from an exciting, hands-on perspective. Jet skiing combines adventure, skill, and fun, offering a perfect finale to your combo water sports day.', 'published', '', '', 'Tanjung Benoa', 'Indonesia', NULL, '(0,0)', 2, 0, 'EASY', '["EN"]'::jsonb, '[]'::jsonb, 'Tanjung Benoa Beach', 'Tanjung Benoa Beach', '(0,0)', NULL, '[]'::jsonb, '[]'::jsonb, '[]'::jsonb, '[]'::jsonb, 'For a combo package including parasailing, jet ski, and banana boat, important information includes health restrictions like not having back or heart problems, age and weight limits may apply, and confirm if transfers are included', 0, NULL, NULL, NULL, FALSE, FALSE, '[]'::jsonb, NULL, 'MODERATE', NULL, 80, 24, NULL, '[]'::jsonb, NULL, 0, 'USD', 'PERSON', NULL, NULL, NULL, '[]'::jsonb, '[]'::jsonb, FALSE, 1, 1, 1, 'combo-package-banana-parasailing-jet-ski', NULL, NULL, '2025-11-13T12:32:52.064566+00:00', '2025-11-13T12:33:49.165519+00:00', NULL);
INSERT INTO activity_packages (id, operator_id, title, short_description, full_description, status, destination_name, destination_address, destination_city, destination_country, destination_postal_code, destination_coordinates, duration_hours, duration_minutes, difficulty_level, languages_supported, tags, meeting_point_name, meeting_point_address, meeting_point_coordinates, meeting_point_instructions, operating_days, whats_included, whats_not_included, what_to_bring, important_information, minimum_age, maximum_age, child_policy, infant_policy, age_verification_required, wheelchair_accessible, accessibility_facilities, special_assistance, cancellation_policy_type, cancellation_policy_custom, cancellation_refund_percentage, cancellation_deadline_hours, weather_policy, health_safety_requirements, health_safety_additional_info, base_price, currency, price_type, child_price_type, child_price_value, infant_price, group_discounts, seasonal_pricing, dynamic_pricing_enabled, dynamic_pricing_base_multiplier, dynamic_pricing_demand_multiplier, dynamic_pricing_season_multiplier, slug, meta_title, meta_description, created_at, updated_at, published_at) VALUES ('eeb0b464-d065-4740-8599-3e88442c4155', '0afbb77a-e2fa-4de8-8a24-2ed473ab7c2c', 'bali test3', 'test', '', 'published', '', '', 'bali', 'Indonesia', NULL, '(0,0)', 2, 0, 'EASY', '["EN"]'::jsonb, '[]'::jsonb, 'test', 'test', '(0,0)', NULL, '[]'::jsonb, '[]'::jsonb, '[]'::jsonb, '[]'::jsonb, NULL, 0, NULL, NULL, NULL, FALSE, FALSE, '[]'::jsonb, NULL, 'MODERATE', NULL, 80, 24, NULL, '[]'::jsonb, NULL, 0, 'USD', 'PERSON', NULL, NULL, NULL, '[]'::jsonb, '[]'::jsonb, FALSE, 1, 1, 1, 'bali-test3', NULL, NULL, '2025-10-27T16:35:20.027624+00:00', '2025-10-28T00:41:00.241037+00:00', NULL);
INSERT INTO activity_packages (id, operator_id, title, short_description, full_description, status, destination_name, destination_address, destination_city, destination_country, destination_postal_code, destination_coordinates, duration_hours, duration_minutes, difficulty_level, languages_supported, tags, meeting_point_name, meeting_point_address, meeting_point_coordinates, meeting_point_instructions, operating_days, whats_included, whats_not_included, what_to_bring, important_information, minimum_age, maximum_age, child_policy, infant_policy, age_verification_required, wheelchair_accessible, accessibility_facilities, special_assistance, cancellation_policy_type, cancellation_policy_custom, cancellation_refund_percentage, cancellation_deadline_hours, weather_policy, health_safety_requirements, health_safety_additional_info, base_price, currency, price_type, child_price_type, child_price_value, infant_price, group_discounts, seasonal_pricing, dynamic_pricing_enabled, dynamic_pricing_base_multiplier, dynamic_pricing_demand_multiplier, dynamic_pricing_season_multiplier, slug, meta_title, meta_description, created_at, updated_at, published_at) VALUES ('af0e8f60-e191-4fa4-b3e8-d94ea9815174', '0afbb77a-e2fa-4de8-8a24-2ed473ab7c2c', 'bali test 5', 'test', '', 'published', '', '', 'bali', 'Indonesia', NULL, '(0,0)', 2, 0, 'EASY', '["EN"]'::jsonb, '[]'::jsonb, 'test', 'test', '(0,0)', NULL, '[]'::jsonb, '[]'::jsonb, '[]'::jsonb, '[]'::jsonb, NULL, 0, NULL, NULL, NULL, FALSE, FALSE, '[]'::jsonb, NULL, 'MODERATE', NULL, 80, 24, NULL, '[]'::jsonb, NULL, 0, 'USD', 'PERSON', NULL, NULL, NULL, '[]'::jsonb, '[]'::jsonb, FALSE, 1, 1, 1, 'bali-test-5', NULL, NULL, '2025-10-28T00:44:33.144553+00:00', '2025-10-28T00:46:29.940611+00:00', NULL);
INSERT INTO activity_packages (id, operator_id, title, short_description, full_description, status, destination_name, destination_address, destination_city, destination_country, destination_postal_code, destination_coordinates, duration_hours, duration_minutes, difficulty_level, languages_supported, tags, meeting_point_name, meeting_point_address, meeting_point_coordinates, meeting_point_instructions, operating_days, whats_included, whats_not_included, what_to_bring, important_information, minimum_age, maximum_age, child_policy, infant_policy, age_verification_required, wheelchair_accessible, accessibility_facilities, special_assistance, cancellation_policy_type, cancellation_policy_custom, cancellation_refund_percentage, cancellation_deadline_hours, weather_policy, health_safety_requirements, health_safety_additional_info, base_price, currency, price_type, child_price_type, child_price_value, infant_price, group_discounts, seasonal_pricing, dynamic_pricing_enabled, dynamic_pricing_base_multiplier, dynamic_pricing_demand_multiplier, dynamic_pricing_season_multiplier, slug, meta_title, meta_description, created_at, updated_at, published_at) VALUES ('7e38dda4-c7ad-4469-811c-2278ce2a1da6', '0afbb77a-e2fa-4de8-8a24-2ed473ab7c2c', 'bali test', 'test', '', 'draft', '', '', 'bali', 'Indonesia', NULL, '(0,0)', 2, 0, 'EASY', '["EN"]'::jsonb, '[]'::jsonb, 'test', 'test', '(0,0)', NULL, '[]'::jsonb, '[]'::jsonb, '[]'::jsonb, '[]'::jsonb, NULL, 0, NULL, NULL, NULL, FALSE, FALSE, '[]'::jsonb, NULL, 'MODERATE', NULL, 80, 24, NULL, '[]'::jsonb, NULL, 0, 'USD', 'PERSON', NULL, NULL, NULL, '[]'::jsonb, '[]'::jsonb, FALSE, 1, 1, 1, 'bali-test', NULL, NULL, '2025-10-28T01:00:03.737119+00:00', '2025-10-28T15:23:56.952144+00:00', NULL);
INSERT INTO activity_packages (id, operator_id, title, short_description, full_description, status, destination_name, destination_address, destination_city, destination_country, destination_postal_code, destination_coordinates, duration_hours, duration_minutes, difficulty_level, languages_supported, tags, meeting_point_name, meeting_point_address, meeting_point_coordinates, meeting_point_instructions, operating_days, whats_included, whats_not_included, what_to_bring, important_information, minimum_age, maximum_age, child_policy, infant_policy, age_verification_required, wheelchair_accessible, accessibility_facilities, special_assistance, cancellation_policy_type, cancellation_policy_custom, cancellation_refund_percentage, cancellation_deadline_hours, weather_policy, health_safety_requirements, health_safety_additional_info, base_price, currency, price_type, child_price_type, child_price_value, infant_price, group_discounts, seasonal_pricing, dynamic_pricing_enabled, dynamic_pricing_base_multiplier, dynamic_pricing_demand_multiplier, dynamic_pricing_season_multiplier, slug, meta_title, meta_description, created_at, updated_at, published_at) VALUES ('4cd3aef9-7c2c-4eff-b4ed-c820e59b5222', '0afbb77a-e2fa-4de8-8a24-2ed473ab7c2c', 'Dubai Miracle Garden Ticket', 'Explore Dubai Miracle Garden with 50M+ blooms, stunning floral art like the Emirates A380, themed zones, music, and characters in a vibrant floral wonderland', 'Step into a floral wonderland at Dubai Miracle Garden, the world’s largest natural flower garden. With this skip-the-line ticket, explore over 50 million blooming flowers arranged in breathtaking designs and vibrant displays that have earned three Guinness World Records.

Marvel at the iconic Emirates A380 floral sculpture, a life-sized masterpiece crafted from over 500,000 fresh flowers and plants. Wander through enchanting themed areas like the Sunflower Field, Lake Park, Smurfs Village, and the colorful Umbrella Tunnel, each offering its own unique photo opportunities.

Spot beloved characters like Mickey Mouse, Minnie Mouse, and friends brought to life in floral form. Enjoy the lively atmosphere with music, street performers, and float parades, making it a perfect outing for families, couples, and photography lovers alike.', 'published', '', '', 'Dubai', 'UAE', NULL, '(0,0)', 2, 0, 'EASY', '["EN"]'::jsonb, '[]'::jsonb, 'From Hotel', 'From Hotel', '(0,0)', NULL, '[]'::jsonb, '[]'::jsonb, '[]'::jsonb, '[]'::jsonb, NULL, 0, NULL, NULL, NULL, FALSE, FALSE, '[]'::jsonb, NULL, 'MODERATE', NULL, 80, 24, NULL, '[]'::jsonb, NULL, 0, 'USD', 'PERSON', NULL, NULL, NULL, '[]'::jsonb, '[]'::jsonb, FALSE, 1, 1, 1, 'dubai-miracle-garden-ticket', NULL, NULL, '2025-11-13T18:49:52.353413+00:00', '2025-11-13T18:49:52.353413+00:00', NULL);
INSERT INTO activity_packages (id, operator_id, title, short_description, full_description, status, destination_name, destination_address, destination_city, destination_country, destination_postal_code, destination_coordinates, duration_hours, duration_minutes, difficulty_level, languages_supported, tags, meeting_point_name, meeting_point_address, meeting_point_coordinates, meeting_point_instructions, operating_days, whats_included, whats_not_included, what_to_bring, important_information, minimum_age, maximum_age, child_policy, infant_policy, age_verification_required, wheelchair_accessible, accessibility_facilities, special_assistance, cancellation_policy_type, cancellation_policy_custom, cancellation_refund_percentage, cancellation_deadline_hours, weather_policy, health_safety_requirements, health_safety_additional_info, base_price, currency, price_type, child_price_type, child_price_value, infant_price, group_discounts, seasonal_pricing, dynamic_pricing_enabled, dynamic_pricing_base_multiplier, dynamic_pricing_demand_multiplier, dynamic_pricing_season_multiplier, slug, meta_title, meta_description, created_at, updated_at, published_at) VALUES ('5dc99cf4-57a4-4548-9746-c1cf0d28c726', '0afbb77a-e2fa-4de8-8a24-2ed473ab7c2c', 'Dubai hop on hop off bus Tour', 'Explore Dubai’s top sights on an open-top bus tour. See the Burj Khalifa, enjoy panoramic views, and learn the city’s story with audio in 12 languages.', 'Welcome to a city that truly has it all! Hop on our Dubai bus tour and experience the perfect blend of traditional Arabian charm and cutting-edge modernity. Marvel at breathtaking views of Dubai’s striking skyline, pristine beaches, and iconic architectural wonders — including some of the world’s tallest buildings.

Discover the magic of Dubai with Big Bus Tours, where timeless heritage meets futuristic design. This dazzling cosmopolitan city offers an unforgettable mix of ancient culture, innovative architecture, and world-class attractions.

Hop off to explore at your own pace and immerse yourself in the city’s vibrant atmosphere. From historic souks to glittering skyscrapers, there’s something for everyone to enjoy. Sit back on the open-top deck and listen to fascinating audio commentary available in 12 languages, including Arabic, English, German, Spanish, French, Italian, Mandarin, Hindi, Farsi, Brazilian Portuguese, and Japanese. With Big Bus Dubai, you’ll see the city from every angle — classic and contemporary.', 'published', '', '', 'Dubai', 'United Arab Emirates', NULL, '(0,0)', 2, 0, 'EASY', '["EN"]'::jsonb, '[]'::jsonb, 'Dubai Mall (Zabeel Bus parking)', 'Dubai Mall (Zabeel Bus parking)', '(0,0)', NULL, '[]'::jsonb, '[]'::jsonb, '[]'::jsonb, '[]'::jsonb, NULL, 0, NULL, NULL, NULL, FALSE, FALSE, '[]'::jsonb, NULL, 'MODERATE', NULL, 80, 24, NULL, '[]'::jsonb, NULL, 0, 'USD', 'PERSON', NULL, NULL, NULL, '[]'::jsonb, '[]'::jsonb, FALSE, 1, 1, 1, 'dubai-hop-on-hop-off-bus-tour', NULL, NULL, '2025-11-13T09:19:18.79492+00:00', '2025-11-14T05:12:39.390025+00:00', NULL);
INSERT INTO activity_packages (id, operator_id, title, short_description, full_description, status, destination_name, destination_address, destination_city, destination_country, destination_postal_code, destination_coordinates, duration_hours, duration_minutes, difficulty_level, languages_supported, tags, meeting_point_name, meeting_point_address, meeting_point_coordinates, meeting_point_instructions, operating_days, whats_included, whats_not_included, what_to_bring, important_information, minimum_age, maximum_age, child_policy, infant_policy, age_verification_required, wheelchair_accessible, accessibility_facilities, special_assistance, cancellation_policy_type, cancellation_policy_custom, cancellation_refund_percentage, cancellation_deadline_hours, weather_policy, health_safety_requirements, health_safety_additional_info, base_price, currency, price_type, child_price_type, child_price_value, infant_price, group_discounts, seasonal_pricing, dynamic_pricing_enabled, dynamic_pricing_base_multiplier, dynamic_pricing_demand_multiplier, dynamic_pricing_season_multiplier, slug, meta_title, meta_description, created_at, updated_at, published_at) VALUES ('2221f6bd-9fd7-4c6a-b65c-378e06937aa7', '0afbb77a-e2fa-4de8-8a24-2ed473ab7c2c', 'Half Day Kintamani Volcano Viewing with Ubud Village from Ubud', 'The Kintamani Volcano Viewing with Ubud Village Tour is a captivating journey that showcases Bali’s stunning landscapes and rich cultural heritage.', 'Experience the perfect blend of Bali’s natural beauty and cultural heritage on this scenic day trip from Ubud. The tour combines a visit to the majestic Mount Batur Volcano in Kintamani—one of Bali’s most famous viewpoints—with stops at Ubud’s traditional villages, known for their art, temples, and landscapes.

Enjoy panoramic views of Mount Batur and Lake Batur, explore Tirta Empul Temple for its holy spring waters, stroll through Tegallalang Rice Terraces, and witness local craftsmanship in Mas and Celuk villages. This journey offers a rich mix of nature, culture, and authentic Balinese life, all within a comfortable day tour from Ubud.', 'published', '', '', 'Bali', 'Indonesia', NULL, '(0,0)', 2, 0, 'EASY', '["EN"]'::jsonb, '[]'::jsonb, 'Hotel Pick Up', '', '(0,0)', NULL, '[]'::jsonb, '["Bali''s local craft industries in action, everything from art to jewelry to woodwork","views of Batur Volcano over sparklingly clear waters","Admission to attractions","Bottled drinking water"]'::jsonb, '["Tips and gratuities","Meals and beverages"]'::jsonb, '["Light and comfortable clothing (preferrably dri-fit material)","Walking shoes"]'::jsonb, NULL, 0, NULL, NULL, NULL, FALSE, FALSE, '[]'::jsonb, NULL, 'MODERATE', NULL, 80, 24, NULL, '[]'::jsonb, NULL, 0, 'USD', 'PERSON', NULL, NULL, NULL, '[]'::jsonb, '[]'::jsonb, FALSE, 1, 1, 1, 'kintamani-volcano-viewing-with-ubud-village', NULL, NULL, '2025-10-27T10:21:03.497416+00:00', '2025-10-30T10:20:57.855273+00:00', NULL);

-- Table: activity_package_images (19 rows)
INSERT INTO activity_package_images (id, package_id, file_name, file_size, mime_type, storage_path, public_url, width, height, alt_text, caption, is_cover, is_featured, display_order, uploaded_at, created_at, updated_at) VALUES ('3f7eada0-53c8-47ad-8990-65077fa53333', '58451b55-f063-44f8-b81a-98ff522358b5', 'pexels-tetiana-hutsu-2151030711-31554279.jpg', 1454093, 'image/jpeg', '', '', NULL, NULL, 'pexels-tetiana-hutsu-2151030711-31554279.jpg', NULL, TRUE, TRUE, 0, '2025-10-08T13:11:35.002068+00:00', '2025-10-08T13:11:35.002068+00:00', '2025-10-08T13:11:35.002068+00:00');
INSERT INTO activity_package_images (id, package_id, file_name, file_size, mime_type, storage_path, public_url, width, height, alt_text, caption, is_cover, is_featured, display_order, uploaded_at, created_at, updated_at) VALUES ('00b4f98b-6ade-4dbf-9307-ffdda13d24d3', '58451b55-f063-44f8-b81a-98ff522358b5', 'pexels-tetiana-hutsu-2151030711-31554279.jpg', 1454093, 'image/jpeg', '', '', NULL, NULL, 'pexels-tetiana-hutsu-2151030711-31554279.jpg', NULL, FALSE, FALSE, 1, '2025-10-08T13:11:35.002068+00:00', '2025-10-08T13:11:35.002068+00:00', '2025-10-08T13:11:35.002068+00:00');
INSERT INTO activity_package_images (id, package_id, file_name, file_size, mime_type, storage_path, public_url, width, height, alt_text, caption, is_cover, is_featured, display_order, uploaded_at, created_at, updated_at) VALUES ('f862d796-5167-49f6-9c72-99832940dacb', '856e047f-775d-4de1-b14f-cd5d747f651b', 'pexels-tetiana-hutsu-2151030711-31554279.jpg', 1454093, 'image/jpeg', '', '', NULL, NULL, 'pexels-tetiana-hutsu-2151030711-31554279.jpg', NULL, TRUE, TRUE, 0, '2025-10-08T13:28:36.517376+00:00', '2025-10-08T13:28:36.517376+00:00', '2025-10-08T13:28:36.517376+00:00');
INSERT INTO activity_package_images (id, package_id, file_name, file_size, mime_type, storage_path, public_url, width, height, alt_text, caption, is_cover, is_featured, display_order, uploaded_at, created_at, updated_at) VALUES ('ff50bd6c-668e-486d-acd4-f46574c34f7d', '856e047f-775d-4de1-b14f-cd5d747f651b', 'pexels-ezgi-kaya-498261122-33322666.jpg', 2174756, 'image/jpeg', '', '', NULL, NULL, 'pexels-ezgi-kaya-498261122-33322666.jpg', NULL, FALSE, FALSE, 1, '2025-10-08T13:28:36.517376+00:00', '2025-10-08T13:28:36.517376+00:00', '2025-10-08T13:28:36.517376+00:00');
INSERT INTO activity_package_images (id, package_id, file_name, file_size, mime_type, storage_path, public_url, width, height, alt_text, caption, is_cover, is_featured, display_order, uploaded_at, created_at, updated_at) VALUES ('ce80e8f6-b891-4493-a1a3-12534a65cbaa', 'dc5ff2fb-55dd-436e-b533-cb20ec018f40', 'pexels-liisbet-luup-121486327-33009463.jpg', 2479791, 'image/jpeg', '', '', NULL, NULL, 'pexels-liisbet-luup-121486327-33009463.jpg', NULL, TRUE, TRUE, 0, '2025-10-08T13:31:13.921443+00:00', '2025-10-08T13:31:13.921443+00:00', '2025-10-08T13:31:13.921443+00:00');
INSERT INTO activity_package_images (id, package_id, file_name, file_size, mime_type, storage_path, public_url, width, height, alt_text, caption, is_cover, is_featured, display_order, uploaded_at, created_at, updated_at) VALUES ('9a99683a-6b48-4764-bc5a-d6c97995a819', 'dc5ff2fb-55dd-436e-b533-cb20ec018f40', 'pexels-ezgi-kaya-498261122-33322666.jpg', 2174756, 'image/jpeg', '', '', NULL, NULL, 'pexels-ezgi-kaya-498261122-33322666.jpg', NULL, FALSE, FALSE, 1, '2025-10-08T13:31:13.921443+00:00', '2025-10-08T13:31:13.921443+00:00', '2025-10-08T13:31:13.921443+00:00');
INSERT INTO activity_package_images (id, package_id, file_name, file_size, mime_type, storage_path, public_url, width, height, alt_text, caption, is_cover, is_featured, display_order, uploaded_at, created_at, updated_at) VALUES ('f33e436e-8c64-4118-8af2-052a2d62a56e', '2b5ca853-8957-415c-be49-95438fd41ba1', 'pexels-palumalerba-2426566.jpg', 2509767, 'image/jpeg', '', '', NULL, NULL, 'pexels-palumalerba-2426566.jpg', NULL, TRUE, TRUE, 0, '2025-10-15T10:26:42.71279+00:00', '2025-10-15T10:26:42.71279+00:00', '2025-10-15T10:26:42.71279+00:00');
INSERT INTO activity_package_images (id, package_id, file_name, file_size, mime_type, storage_path, public_url, width, height, alt_text, caption, is_cover, is_featured, display_order, uploaded_at, created_at, updated_at) VALUES ('1df24d0e-45b7-46fc-b35a-bf391d06feac', '2b5ca853-8957-415c-be49-95438fd41ba1', 'pexels-stijn-dijkstra-1306815-2659475.jpg', 185129, 'image/jpeg', '', '', NULL, NULL, 'pexels-stijn-dijkstra-1306815-2659475.jpg', NULL, FALSE, FALSE, 1, '2025-10-15T10:26:42.71279+00:00', '2025-10-15T10:26:42.71279+00:00', '2025-10-15T10:26:42.71279+00:00');
INSERT INTO activity_package_images (id, package_id, file_name, file_size, mime_type, storage_path, public_url, width, height, alt_text, caption, is_cover, is_featured, display_order, uploaded_at, created_at, updated_at) VALUES ('edd23f95-fdef-4c2b-b990-da71380fe77b', '5dc99cf4-57a4-4548-9746-c1cf0d28c726', '1.webp', 73032, 'image/webp', 'https://megmjzszmqnmzdxwzigt.supabase.co/storage/v1/object/public/activity-package-images/0afbb77a-e2fa-4de8-8a24-2ed473ab7c2c/activity-packages-images/1763025558476_ys85ma9hur.webp', 'https://megmjzszmqnmzdxwzigt.supabase.co/storage/v1/object/public/activity-package-images/0afbb77a-e2fa-4de8-8a24-2ed473ab7c2c/activity-packages-images/1763025558476_ys85ma9hur.webp', NULL, NULL, '1.webp', NULL, FALSE, FALSE, 0, '2025-11-14T05:12:39.973936+00:00', '2025-11-14T05:12:39.973936+00:00', '2025-11-14T05:12:39.973936+00:00');
INSERT INTO activity_package_images (id, package_id, file_name, file_size, mime_type, storage_path, public_url, width, height, alt_text, caption, is_cover, is_featured, display_order, uploaded_at, created_at, updated_at) VALUES ('da5a5dcd-5c1f-4c8b-a1ff-b0bc0bbf2585', '5dc99cf4-57a4-4548-9746-c1cf0d28c726', '1.webp', 73032, 'image/webp', 'https://megmjzszmqnmzdxwzigt.supabase.co/storage/v1/object/public/activity-package-images/0afbb77a-e2fa-4de8-8a24-2ed473ab7c2c/activity-packages-images/1763025558476_ys85ma9hur.webp', 'https://megmjzszmqnmzdxwzigt.supabase.co/storage/v1/object/public/activity-package-images/0afbb77a-e2fa-4de8-8a24-2ed473ab7c2c/activity-packages-images/1763025558476_ys85ma9hur.webp', NULL, NULL, '1.webp', NULL, TRUE, TRUE, 1, '2025-11-14T05:12:39.973936+00:00', '2025-11-14T05:12:39.973936+00:00', '2025-11-14T05:12:39.973936+00:00');
INSERT INTO activity_package_images (id, package_id, file_name, file_size, mime_type, storage_path, public_url, width, height, alt_text, caption, is_cover, is_featured, display_order, uploaded_at, created_at, updated_at) VALUES ('64095fef-b71a-46ad-8850-a05d242b2490', '7e38dda4-c7ad-4469-811c-2278ce2a1da6', 'pexels-ezgi-kaya-498261122-33322666.jpg', 2174756, 'image/jpeg', 'https://megmjzszmqnmzdxwzigt.supabase.co/storage/v1/object/public/activity-package-images/0afbb77a-e2fa-4de8-8a24-2ed473ab7c2c/activity-packages-images/1761613202267_2lv3vq83nne.jpg', 'https://megmjzszmqnmzdxwzigt.supabase.co/storage/v1/object/public/activity-package-images/0afbb77a-e2fa-4de8-8a24-2ed473ab7c2c/activity-packages-images/1761613202267_2lv3vq83nne.jpg', NULL, NULL, 'pexels-ezgi-kaya-498261122-33322666.jpg', NULL, FALSE, FALSE, 0, '2025-10-28T15:23:57.134217+00:00', '2025-10-28T15:23:57.134217+00:00', '2025-10-28T15:23:57.134217+00:00');
INSERT INTO activity_package_images (id, package_id, file_name, file_size, mime_type, storage_path, public_url, width, height, alt_text, caption, is_cover, is_featured, display_order, uploaded_at, created_at, updated_at) VALUES ('344db70d-5c9f-4141-aa8a-6bd9c35e8ec6', '7e38dda4-c7ad-4469-811c-2278ce2a1da6', 'pexels-ezgi-kaya-498261122-33322666.jpg', 2174756, 'image/jpeg', 'https://megmjzszmqnmzdxwzigt.supabase.co/storage/v1/object/public/activity-package-images/0afbb77a-e2fa-4de8-8a24-2ed473ab7c2c/activity-packages-images/1761613202267_2lv3vq83nne.jpg', 'https://megmjzszmqnmzdxwzigt.supabase.co/storage/v1/object/public/activity-package-images/0afbb77a-e2fa-4de8-8a24-2ed473ab7c2c/activity-packages-images/1761613202267_2lv3vq83nne.jpg', NULL, NULL, 'pexels-ezgi-kaya-498261122-33322666.jpg', NULL, TRUE, TRUE, 1, '2025-10-28T15:23:57.134217+00:00', '2025-10-28T15:23:57.134217+00:00', '2025-10-28T15:23:57.134217+00:00');
INSERT INTO activity_package_images (id, package_id, file_name, file_size, mime_type, storage_path, public_url, width, height, alt_text, caption, is_cover, is_featured, display_order, uploaded_at, created_at, updated_at) VALUES ('26c9c6ed-b55e-45d1-8962-df9d6b8fc761', '4cd3aef9-7c2c-4eff-b4ed-c820e59b5222', '1.webp', 119752, 'image/webp', '0afbb77a-e2fa-4de8-8a24-2ed473ab7c2c/activity-packages-images/1763059792385_nsd67h9g29o.webp', 'https://megmjzszmqnmzdxwzigt.supabase.co/storage/v1/object/public/activity-package-images/0afbb77a-e2fa-4de8-8a24-2ed473ab7c2c/activity-packages-images/1763059792385_nsd67h9g29o.webp', NULL, NULL, '1.webp', NULL, TRUE, TRUE, 0, '2025-11-13T18:49:52.731975+00:00', '2025-11-13T18:49:52.731975+00:00', '2025-11-13T18:49:52.731975+00:00');
INSERT INTO activity_package_images (id, package_id, file_name, file_size, mime_type, storage_path, public_url, width, height, alt_text, caption, is_cover, is_featured, display_order, uploaded_at, created_at, updated_at) VALUES ('fbcc547f-5c6d-432f-b7a0-c8b18e9312e2', '9f2b72a0-4fcf-4c52-99ac-59168a34f7cf', 'bali-parasailing-adventure.jpg', 172127, 'image/jpeg', 'https://megmjzszmqnmzdxwzigt.supabase.co/storage/v1/object/public/activity-package-images/0afbb77a-e2fa-4de8-8a24-2ed473ab7c2c/activity-packages-images/1763037170385_1ttvddbferd.jpg', 'https://megmjzszmqnmzdxwzigt.supabase.co/storage/v1/object/public/activity-package-images/0afbb77a-e2fa-4de8-8a24-2ed473ab7c2c/activity-packages-images/1763037170385_1ttvddbferd.jpg', NULL, NULL, 'bali-parasailing-adventure.jpg', NULL, FALSE, TRUE, 0, '2025-11-13T12:33:49.459489+00:00', '2025-11-13T12:33:49.459489+00:00', '2025-11-13T12:33:49.459489+00:00');
INSERT INTO activity_package_images (id, package_id, file_name, file_size, mime_type, storage_path, public_url, width, height, alt_text, caption, is_cover, is_featured, display_order, uploaded_at, created_at, updated_at) VALUES ('09013093-3c25-4769-8349-bf378510524d', '9f2b72a0-4fcf-4c52-99ac-59168a34f7cf', 'bali-parasailing-adventure.jpg', 172127, 'image/jpeg', 'https://megmjzszmqnmzdxwzigt.supabase.co/storage/v1/object/public/activity-package-images/0afbb77a-e2fa-4de8-8a24-2ed473ab7c2c/activity-packages-images/1763037170385_1ttvddbferd.jpg', 'https://megmjzszmqnmzdxwzigt.supabase.co/storage/v1/object/public/activity-package-images/0afbb77a-e2fa-4de8-8a24-2ed473ab7c2c/activity-packages-images/1763037170385_1ttvddbferd.jpg', NULL, NULL, 'bali-parasailing-adventure.jpg', NULL, TRUE, TRUE, 1, '2025-11-13T12:33:49.459489+00:00', '2025-11-13T12:33:49.459489+00:00', '2025-11-13T12:33:49.459489+00:00');
INSERT INTO activity_package_images (id, package_id, file_name, file_size, mime_type, storage_path, public_url, width, height, alt_text, caption, is_cover, is_featured, display_order, uploaded_at, created_at, updated_at) VALUES ('87e34343-5d3a-4bf1-856b-0cc584bfbd84', 'a68b5068-8005-4ab5-a244-58081eb6613c', '1.webp', 112828, 'image/webp', '0afbb77a-e2fa-4de8-8a24-2ed473ab7c2c/activity-packages-images/1763060178798_l04udfebc1.webp', 'https://megmjzszmqnmzdxwzigt.supabase.co/storage/v1/object/public/activity-package-images/0afbb77a-e2fa-4de8-8a24-2ed473ab7c2c/activity-packages-images/1763060178798_l04udfebc1.webp', NULL, NULL, '1.webp', NULL, TRUE, TRUE, 0, '2025-11-13T18:56:20.931449+00:00', '2025-11-13T18:56:20.931449+00:00', '2025-11-13T18:56:20.931449+00:00');
INSERT INTO activity_package_images (id, package_id, file_name, file_size, mime_type, storage_path, public_url, width, height, alt_text, caption, is_cover, is_featured, display_order, uploaded_at, created_at, updated_at) VALUES ('3aa147e8-3b3d-4f6b-a12a-584b166e26a7', 'db39ff2f-14db-46f6-9d7d-75b1b9ff7e12', '24.jpg', 69627, 'image/jpeg', '0afbb77a-e2fa-4de8-8a24-2ed473ab7c2c/activity-packages-images/1763031614613_hxs1uclet95.jpg', 'https://megmjzszmqnmzdxwzigt.supabase.co/storage/v1/object/public/activity-package-images/0afbb77a-e2fa-4de8-8a24-2ed473ab7c2c/activity-packages-images/1763031614613_hxs1uclet95.jpg', NULL, NULL, '24.jpg', NULL, FALSE, FALSE, 2, '2025-11-13T11:00:15.977656+00:00', '2025-11-13T11:00:15.977656+00:00', '2025-11-13T11:00:15.977656+00:00');
INSERT INTO activity_package_images (id, package_id, file_name, file_size, mime_type, storage_path, public_url, width, height, alt_text, caption, is_cover, is_featured, display_order, uploaded_at, created_at, updated_at) VALUES ('88ccb6c5-d848-4d4a-a143-63dd36365d87', 'db39ff2f-14db-46f6-9d7d-75b1b9ff7e12', 'tanah-lot-temple-1024x683.webp', 181002, 'image/webp', 'https://megmjzszmqnmzdxwzigt.supabase.co/storage/v1/object/public/activity-package-images/0afbb77a-e2fa-4de8-8a24-2ed473ab7c2c/activity-packages-images/1763025884510_0vskf62mifs.webp', 'https://megmjzszmqnmzdxwzigt.supabase.co/storage/v1/object/public/activity-package-images/0afbb77a-e2fa-4de8-8a24-2ed473ab7c2c/activity-packages-images/1763025884510_0vskf62mifs.webp', NULL, NULL, 'tanah-lot-temple-1024x683.webp', NULL, FALSE, TRUE, 0, '2025-11-13T11:00:15.977656+00:00', '2025-11-13T11:00:15.977656+00:00', '2025-11-13T11:00:15.977656+00:00');
INSERT INTO activity_package_images (id, package_id, file_name, file_size, mime_type, storage_path, public_url, width, height, alt_text, caption, is_cover, is_featured, display_order, uploaded_at, created_at, updated_at) VALUES ('28d7aee4-1dac-40ca-aa06-23ab2c9d7073', 'db39ff2f-14db-46f6-9d7d-75b1b9ff7e12', 'tanah-lot-temple-1024x683.webp', 181002, 'image/webp', 'https://megmjzszmqnmzdxwzigt.supabase.co/storage/v1/object/public/activity-package-images/0afbb77a-e2fa-4de8-8a24-2ed473ab7c2c/activity-packages-images/1763025884510_0vskf62mifs.webp', 'https://megmjzszmqnmzdxwzigt.supabase.co/storage/v1/object/public/activity-package-images/0afbb77a-e2fa-4de8-8a24-2ed473ab7c2c/activity-packages-images/1763025884510_0vskf62mifs.webp', NULL, NULL, 'tanah-lot-temple-1024x683.webp', NULL, TRUE, TRUE, 1, '2025-11-13T11:00:15.977656+00:00', '2025-11-13T11:00:15.977656+00:00', '2025-11-13T11:00:15.977656+00:00');

-- Table: activity_package_time_slots (10 rows)
INSERT INTO activity_package_time_slots (id, package_id, start_time, end_time, capacity, is_active, days, price_override, created_at, updated_at) VALUES ('55e5a6ab-0d80-4ab3-9542-5c3b4ee992b3', 'bd8151e5-3892-4c63-99b0-486ea6374414', '09:00:00', '17:00:00', 10, TRUE, '["TUE","WED"]'::jsonb, NULL, '2025-10-08T07:55:10.294941+00:00', '2025-10-08T07:55:10.294941+00:00');
INSERT INTO activity_package_time_slots (id, package_id, start_time, end_time, capacity, is_active, days, price_override, created_at, updated_at) VALUES ('aebf9b5d-ae11-4a42-88a6-91a5b02af84b', '475e94e8-723a-4ef4-ba4d-a30109191fd8', '09:00:00', '17:00:00', 10, TRUE, '["TUE","THU"]'::jsonb, NULL, '2025-10-08T10:12:58.606498+00:00', '2025-10-08T10:12:58.606498+00:00');
INSERT INTO activity_package_time_slots (id, package_id, start_time, end_time, capacity, is_active, days, price_override, created_at, updated_at) VALUES ('ddf51e85-f360-4935-a9c4-3e6c511e0746', '58451b55-f063-44f8-b81a-98ff522358b5', '09:00:00', '17:00:00', 10, TRUE, '["TUE","WED"]'::jsonb, NULL, '2025-10-08T13:11:35.198146+00:00', '2025-10-08T13:11:35.198146+00:00');
INSERT INTO activity_package_time_slots (id, package_id, start_time, end_time, capacity, is_active, days, price_override, created_at, updated_at) VALUES ('a1718fef-9a62-461a-85cf-730589bf80b9', '856e047f-775d-4de1-b14f-cd5d747f651b', '09:00:00', '17:00:00', 10, TRUE, '["TUE"]'::jsonb, NULL, '2025-10-08T13:28:36.722818+00:00', '2025-10-08T13:28:36.722818+00:00');
INSERT INTO activity_package_time_slots (id, package_id, start_time, end_time, capacity, is_active, days, price_override, created_at, updated_at) VALUES ('e9930288-3da2-4ae7-a5c6-3f6a454afc74', 'dc5ff2fb-55dd-436e-b533-cb20ec018f40', '09:00:00', '17:00:00', 10, TRUE, '["TUE"]'::jsonb, NULL, '2025-10-08T13:31:14.071431+00:00', '2025-10-08T13:31:14.071431+00:00');
INSERT INTO activity_package_time_slots (id, package_id, start_time, end_time, capacity, is_active, days, price_override, created_at, updated_at) VALUES ('c1aa9425-7db1-408b-9f27-47aa1e53c347', 'eeb0b464-d065-4740-8599-3e88442c4155', '09:00:00', '17:00:00', 10, TRUE, '["MON"]'::jsonb, NULL, '2025-10-28T00:41:00.661377+00:00', '2025-10-28T00:41:00.661377+00:00');
INSERT INTO activity_package_time_slots (id, package_id, start_time, end_time, capacity, is_active, days, price_override, created_at, updated_at) VALUES ('23107dcd-ddee-49b2-bb9b-189f5b4190e7', 'af0e8f60-e191-4fa4-b3e8-d94ea9815174', '09:00:00', '17:00:00', 10, TRUE, '["MON"]'::jsonb, NULL, '2025-10-28T00:46:30.139064+00:00', '2025-10-28T00:46:30.139064+00:00');
INSERT INTO activity_package_time_slots (id, package_id, start_time, end_time, capacity, is_active, days, price_override, created_at, updated_at) VALUES ('9fb18481-2f0a-44fb-93d6-c51aa865976c', '2221f6bd-9fd7-4c6a-b65c-378e06937aa7', '08:30:00', '17:00:00', 10, TRUE, '["MON","TUE","WED","THU","FRI","SAT","SUN"]'::jsonb, NULL, '2025-10-30T10:20:58.04929+00:00', '2025-10-30T10:20:58.04929+00:00');
INSERT INTO activity_package_time_slots (id, package_id, start_time, end_time, capacity, is_active, days, price_override, created_at, updated_at) VALUES ('c9fb0d50-6040-45d0-a951-4f40b6ab61e4', '31833cc5-845e-4ef8-80a1-bac64345a7e9', '09:00:00', '17:00:00', 10, TRUE, '["MON","TUE","WED","THU","FRI","SAT"]'::jsonb, NULL, '2025-11-16T13:06:20.619297+00:00', '2025-11-16T13:06:20.619297+00:00');
INSERT INTO activity_package_time_slots (id, package_id, start_time, end_time, capacity, is_active, days, price_override, created_at, updated_at) VALUES ('3269ff79-7a7a-4b94-8707-cae20f061175', '36f4fd26-7169-44e4-af45-356b607464a4', '08:00:00', '13:00:00', 10, TRUE, '["MON","TUE","WED","THU","FRI","SAT","SUN"]'::jsonb, NULL, '2025-10-27T12:44:09.63729+00:00', '2025-10-27T12:44:09.63729+00:00');

-- Table: activity_package_variants (1 rows)
INSERT INTO activity_package_variants (id, package_id, name, description, price_adjustment, features, max_capacity, is_active, display_order, created_at, updated_at) VALUES ('31700940-5a88-46ad-bf6c-e2193e458863', '58451b55-f063-44f8-b81a-98ff522358b5', 'New Variant', NULL, 0, '[]'::jsonb, 10, TRUE, 0, '2025-10-08T13:11:35.481822+00:00', '2025-10-08T13:11:35.481822+00:00');

-- Table: transfer_packages (27 rows)
INSERT INTO transfer_packages (id, operator_id, title, short_description, full_description, destination_name, destination_address, destination_city, destination_country, destination_coordinates, transfer_type, total_distance, distance_unit, estimated_duration_hours, estimated_duration_minutes, route_points, meet_and_greet, name_board, driver_uniform, flight_tracking, luggage_assistance, door_to_door_service, contact_driver_in_advance, contact_lead_time, real_time_tracking, languages_supported, tags, base_price, currency, cancellation_policy_type, cancellation_refund_percentage, cancellation_deadline_hours, no_show_policy, terms_and_conditions, available_days, advance_booking_hours, maximum_advance_booking_days, instant_confirmation, special_instructions, status, featured, created_at, updated_at, published_at, pickup_date, pickup_time, return_date, return_time, pickup_location_name, pickup_location_address, pickup_location_coordinates, dropoff_location_name, dropoff_location_address, dropoff_location_coordinates, number_of_passengers, number_of_luggage_pieces) VALUES ('61d4c1f7-242c-4822-a123-4810a20679ad', '0afbb77a-e2fa-4de8-8a24-2ed473ab7c2c', 'Bali package test 4', 'test4', '', '', '', 'Bali', 'Indonesia', '{"latitude":0,"longitude":0}'::jsonb, 'ONE_WAY', 0, 'KM', 1, 0, '[]'::jsonb, FALSE, FALSE, TRUE, FALSE, TRUE, TRUE, FALSE, 2, FALSE, '["EN"]'::jsonb, '[]'::jsonb, 0, 'USD', 'MODERATE', 80, 24, '', '', '[]'::jsonb, 2, 30, TRUE, '', 'published', FALSE, '2025-10-26T13:05:45.471407+00:00', '2025-10-27T02:46:27.020246+00:00', '2025-10-27T02:46:26.616+00:00', NULL, NULL, NULL, NULL, NULL, NULL, NULL, NULL, NULL, NULL, 1, 0);
INSERT INTO transfer_packages (id, operator_id, title, short_description, full_description, destination_name, destination_address, destination_city, destination_country, destination_coordinates, transfer_type, total_distance, distance_unit, estimated_duration_hours, estimated_duration_minutes, route_points, meet_and_greet, name_board, driver_uniform, flight_tracking, luggage_assistance, door_to_door_service, contact_driver_in_advance, contact_lead_time, real_time_tracking, languages_supported, tags, base_price, currency, cancellation_policy_type, cancellation_refund_percentage, cancellation_deadline_hours, no_show_policy, terms_and_conditions, available_days, advance_booking_hours, maximum_advance_booking_days, instant_confirmation, special_instructions, status, featured, created_at, updated_at, published_at, pickup_date, pickup_time, return_date, return_time, pickup_location_name, pickup_location_address, pickup_location_coordinates, dropoff_location_name, dropoff_location_address, dropoff_location_coordinates, number_of_passengers, number_of_luggage_pieces) VALUES ('56166a0e-18ae-4ebd-87b3-3454412800f5', '0afbb77a-e2fa-4de8-8a24-2ed473ab7c2c', 'bali test', '', '', '', '', 'bali', 'Indonesia', '{"latitude":0,"longitude":0}'::jsonb, 'ONE_WAY', 0, 'KM', 1, 0, '[]'::jsonb, FALSE, FALSE, TRUE, FALSE, TRUE, TRUE, FALSE, 2, FALSE, '["EN"]'::jsonb, '[]'::jsonb, 0, 'USD', 'MODERATE', 80, 24, '', '', '[]'::jsonb, 2, 30, TRUE, '', 'published', FALSE, '2025-10-27T15:52:04.465811+00:00', '2025-10-27T15:56:06.914301+00:00', '2025-10-27T15:56:06.91+00:00', NULL, NULL, NULL, NULL, NULL, NULL, NULL, NULL, NULL, NULL, 1, 0);
INSERT INTO transfer_packages (id, operator_id, title, short_description, full_description, destination_name, destination_address, destination_city, destination_country, destination_coordinates, transfer_type, total_distance, distance_unit, estimated_duration_hours, estimated_duration_minutes, route_points, meet_and_greet, name_board, driver_uniform, flight_tracking, luggage_assistance, door_to_door_service, contact_driver_in_advance, contact_lead_time, real_time_tracking, languages_supported, tags, base_price, currency, cancellation_policy_type, cancellation_refund_percentage, cancellation_deadline_hours, no_show_policy, terms_and_conditions, available_days, advance_booking_hours, maximum_advance_booking_days, instant_confirmation, special_instructions, status, featured, created_at, updated_at, published_at, pickup_date, pickup_time, return_date, return_time, pickup_location_name, pickup_location_address, pickup_location_coordinates, dropoff_location_name, dropoff_location_address, dropoff_location_coordinates, number_of_passengers, number_of_luggage_pieces) VALUES ('76f102ea-95c2-41c4-b154-9aeb9bc99bbd', '0afbb77a-e2fa-4de8-8a24-2ed473ab7c2c', 'Bali Package', 'test', '', '', '', 'Not Specified', 'Not Specified', '{"latitude":0,"longitude":0}'::jsonb, 'ONE_WAY', 0, 'KM', 1, 0, '[]'::jsonb, FALSE, FALSE, TRUE, FALSE, TRUE, TRUE, FALSE, 2, FALSE, '["EN"]'::jsonb, '[]'::jsonb, 0, 'USD', 'MODERATE', 80, 24, '', '', '[]'::jsonb, 2, 30, TRUE, '', 'published', FALSE, '2025-10-26T04:16:56.438341+00:00', '2025-10-26T07:45:20.708036+00:00', '2025-10-26T04:16:56.391+00:00', NULL, NULL, NULL, NULL, NULL, NULL, NULL, NULL, NULL, NULL, 1, 0);
INSERT INTO transfer_packages (id, operator_id, title, short_description, full_description, destination_name, destination_address, destination_city, destination_country, destination_coordinates, transfer_type, total_distance, distance_unit, estimated_duration_hours, estimated_duration_minutes, route_points, meet_and_greet, name_board, driver_uniform, flight_tracking, luggage_assistance, door_to_door_service, contact_driver_in_advance, contact_lead_time, real_time_tracking, languages_supported, tags, base_price, currency, cancellation_policy_type, cancellation_refund_percentage, cancellation_deadline_hours, no_show_policy, terms_and_conditions, available_days, advance_booking_hours, maximum_advance_booking_days, instant_confirmation, special_instructions, status, featured, created_at, updated_at, published_at, pickup_date, pickup_time, return_date, return_time, pickup_location_name, pickup_location_address, pickup_location_coordinates, dropoff_location_name, dropoff_location_address, dropoff_location_coordinates, number_of_passengers, number_of_luggage_pieces) VALUES ('6264e6bd-b19e-41c9-86b7-9ad967599304', 'aec03c31-c80b-482b-8940-c20d8e6817c9', 'Bali Airport to Ubud Hotels Transfer', 'Comfortable one-way transfer from Ngurah Rai Airport to Ubud area hotels', 'Professional transfer service from Bali''s Ngurah Rai International Airport (DPS) to hotels in Ubud area. Our experienced driver will meet you at the arrival gate with a name board. Air-conditioned vehicle with ample luggage space. Direct transfer with no unnecessary stops. Perfect start to your Ubud adventure.', 'Ubud Hotels', NULL, 'Ubud', 'Indonesia', '{"latitude":-8.5069,"longitude":115.3138}'::jsonb, 'ONE_WAY', 40, 'KM', 1, 30, NULL, TRUE, TRUE, TRUE, FALSE, TRUE, TRUE, FALSE, 2, FALSE, '["EN"]'::jsonb, '[]'::jsonb, 35, 'USD', 'MODERATE', 80, 24, NULL, NULL, '[]'::jsonb, 2, 30, TRUE, NULL, 'published', FALSE, '2025-11-01T10:28:49.511863+00:00', '2025-11-01T10:28:49.511863+00:00', '2025-11-01T10:28:49.511863+00:00', NULL, NULL, NULL, NULL, NULL, NULL, NULL, NULL, NULL, NULL, 1, 0);
INSERT INTO transfer_packages (id, operator_id, title, short_description, full_description, destination_name, destination_address, destination_city, destination_country, destination_coordinates, transfer_type, total_distance, distance_unit, estimated_duration_hours, estimated_duration_minutes, route_points, meet_and_greet, name_board, driver_uniform, flight_tracking, luggage_assistance, door_to_door_service, contact_driver_in_advance, contact_lead_time, real_time_tracking, languages_supported, tags, base_price, currency, cancellation_policy_type, cancellation_refund_percentage, cancellation_deadline_hours, no_show_policy, terms_and_conditions, available_days, advance_booking_hours, maximum_advance_booking_days, instant_confirmation, special_instructions, status, featured, created_at, updated_at, published_at, pickup_date, pickup_time, return_date, return_time, pickup_location_name, pickup_location_address, pickup_location_coordinates, dropoff_location_name, dropoff_location_address, dropoff_location_coordinates, number_of_passengers, number_of_luggage_pieces) VALUES ('e630ccbc-2b37-4dd5-b756-8ecef368234d', 'aec03c31-c80b-482b-8940-c20d8e6817c9', 'Ubud to Tanah Lot Temple Transfer', 'Reliable transfer service from Ubud area to Tanah Lot Temple', 'Transfer service from Ubud hotels to Tanah Lot Temple - one of Bali''s most iconic sea temples. Your driver will pick you up at your hotel and take you directly to Tanah Lot. Ideal for sunset viewing. Return transfer available upon request.', 'Tanah Lot Temple', NULL, 'Tabanan', 'Indonesia', '{"latitude":-8.6221,"longitude":115.0859}'::jsonb, 'ONE_WAY', 35, 'KM', 1, 15, NULL, TRUE, FALSE, TRUE, FALSE, FALSE, TRUE, FALSE, 2, FALSE, '["EN"]'::jsonb, '[]'::jsonb, 30, 'USD', 'MODERATE', 80, 24, NULL, NULL, '[]'::jsonb, 2, 30, TRUE, NULL, 'published', FALSE, '2025-11-01T10:28:49.511863+00:00', '2025-11-01T10:28:49.511863+00:00', '2025-11-01T10:28:49.511863+00:00', NULL, NULL, NULL, NULL, NULL, NULL, NULL, NULL, NULL, NULL, 1, 0);
INSERT INTO transfer_packages (id, operator_id, title, short_description, full_description, destination_name, destination_address, destination_city, destination_country, destination_coordinates, transfer_type, total_distance, distance_unit, estimated_duration_hours, estimated_duration_minutes, route_points, meet_and_greet, name_board, driver_uniform, flight_tracking, luggage_assistance, door_to_door_service, contact_driver_in_advance, contact_lead_time, real_time_tracking, languages_supported, tags, base_price, currency, cancellation_policy_type, cancellation_refund_percentage, cancellation_deadline_hours, no_show_policy, terms_and_conditions, available_days, advance_booking_hours, maximum_advance_booking_days, instant_confirmation, special_instructions, status, featured, created_at, updated_at, published_at, pickup_date, pickup_time, return_date, return_time, pickup_location_name, pickup_location_address, pickup_location_coordinates, dropoff_location_name, dropoff_location_address, dropoff_location_coordinates, number_of_passengers, number_of_luggage_pieces) VALUES ('6b0926ba-caa7-4fd5-a188-15992e9bd494', 'aec03c31-c80b-482b-8940-c20d8e6817c9', 'Bali Airport to Ubud Hotels Transfer', 'Comfortable one-way transfer from Ngurah Rai Airport to Ubud area hotels', 'Professional transfer service from Bali''s Ngurah Rai International Airport (DPS) to hotels in Ubud area.', 'Ubud Hotels', 'Ubud Area, Gianyar Regency, Bali', 'Ubud', 'Indonesia', '{"latitude":-8.5069,"longitude":115.3138}'::jsonb, 'ONE_WAY', 40, 'KM', 1, 30, NULL, TRUE, TRUE, TRUE, FALSE, TRUE, TRUE, FALSE, 2, FALSE, '["EN"]'::jsonb, '[]'::jsonb, 35, 'USD', 'MODERATE', 80, 24, NULL, NULL, '[]'::jsonb, 2, 30, TRUE, NULL, 'published', FALSE, '2025-11-01T10:46:42.607284+00:00', '2025-11-01T10:46:42.607284+00:00', '2025-11-01T10:46:42.607284+00:00', NULL, NULL, NULL, NULL, NULL, NULL, NULL, NULL, NULL, NULL, 1, 0);
INSERT INTO transfer_packages (id, operator_id, title, short_description, full_description, destination_name, destination_address, destination_city, destination_country, destination_coordinates, transfer_type, total_distance, distance_unit, estimated_duration_hours, estimated_duration_minutes, route_points, meet_and_greet, name_board, driver_uniform, flight_tracking, luggage_assistance, door_to_door_service, contact_driver_in_advance, contact_lead_time, real_time_tracking, languages_supported, tags, base_price, currency, cancellation_policy_type, cancellation_refund_percentage, cancellation_deadline_hours, no_show_policy, terms_and_conditions, available_days, advance_booking_hours, maximum_advance_booking_days, instant_confirmation, special_instructions, status, featured, created_at, updated_at, published_at, pickup_date, pickup_time, return_date, return_time, pickup_location_name, pickup_location_address, pickup_location_coordinates, dropoff_location_name, dropoff_location_address, dropoff_location_coordinates, number_of_passengers, number_of_luggage_pieces) VALUES ('b5147e3a-039b-4a86-beeb-4e462c008038', 'aec03c31-c80b-482b-8940-c20d8e6817c9', 'Ubud to Tanah Lot Temple Transfer', 'Reliable transfer service from Ubud area to Tanah Lot Temple', 'Transfer service from Ubud hotels to Tanah Lot Temple - one of Bali''s most iconic sea temples.', 'Tanah Lot Temple', 'Tanah Lot Temple, Tabanan Regency, Bali', 'Tabanan', 'Indonesia', '{"latitude":-8.6221,"longitude":115.0859}'::jsonb, 'ONE_WAY', 35, 'KM', 1, 15, NULL, TRUE, FALSE, TRUE, FALSE, FALSE, TRUE, FALSE, 2, FALSE, '["EN"]'::jsonb, '[]'::jsonb, 30, 'USD', 'MODERATE', 80, 24, NULL, NULL, '[]'::jsonb, 2, 30, TRUE, NULL, 'published', FALSE, '2025-11-01T10:46:42.607284+00:00', '2025-11-01T10:46:42.607284+00:00', '2025-11-01T10:46:42.607284+00:00', NULL, NULL, NULL, NULL, NULL, NULL, NULL, NULL, NULL, NULL, 1, 0);
INSERT INTO transfer_packages (id, operator_id, title, short_description, full_description, destination_name, destination_address, destination_city, destination_country, destination_coordinates, transfer_type, total_distance, distance_unit, estimated_duration_hours, estimated_duration_minutes, route_points, meet_and_greet, name_board, driver_uniform, flight_tracking, luggage_assistance, door_to_door_service, contact_driver_in_advance, contact_lead_time, real_time_tracking, languages_supported, tags, base_price, currency, cancellation_policy_type, cancellation_refund_percentage, cancellation_deadline_hours, no_show_policy, terms_and_conditions, available_days, advance_booking_hours, maximum_advance_booking_days, instant_confirmation, special_instructions, status, featured, created_at, updated_at, published_at, pickup_date, pickup_time, return_date, return_time, pickup_location_name, pickup_location_address, pickup_location_coordinates, dropoff_location_name, dropoff_location_address, dropoff_location_coordinates, number_of_passengers, number_of_luggage_pieces) VALUES ('cb66a2d3-183d-4164-b564-07810887eeda', '610a6d73-8d0f-4ada-ad2c-d14162611612', 'Yogyakarta Airport to Hotels Transfer', 'Reliable transfer from Adisucipto Airport to Yogyakarta hotels', 'Comfortable transfer service from Yogyakarta Adisucipto International Airport to hotels in Yogyakarta city.', 'Yogyakarta Hotels', 'Yogyakarta City Hotels', 'Yogyakarta', 'Indonesia', '{"latitude":-7.7956,"longitude":110.3708}'::jsonb, 'ONE_WAY', NULL, 'KM', 0, 30, NULL, FALSE, FALSE, TRUE, FALSE, TRUE, TRUE, FALSE, 2, FALSE, '["EN"]'::jsonb, '[]'::jsonb, 25, 'USD', 'MODERATE', 80, 24, NULL, NULL, '[]'::jsonb, 2, 30, TRUE, NULL, 'published', FALSE, '2025-11-01T10:46:42.607284+00:00', '2025-11-01T10:46:42.607284+00:00', '2025-11-01T10:46:42.607284+00:00', NULL, NULL, NULL, NULL, NULL, NULL, NULL, NULL, NULL, NULL, 1, 0);
INSERT INTO transfer_packages (id, operator_id, title, short_description, full_description, destination_name, destination_address, destination_city, destination_country, destination_coordinates, transfer_type, total_distance, distance_unit, estimated_duration_hours, estimated_duration_minutes, route_points, meet_and_greet, name_board, driver_uniform, flight_tracking, luggage_assistance, door_to_door_service, contact_driver_in_advance, contact_lead_time, real_time_tracking, languages_supported, tags, base_price, currency, cancellation_policy_type, cancellation_refund_percentage, cancellation_deadline_hours, no_show_policy, terms_and_conditions, available_days, advance_booking_hours, maximum_advance_booking_days, instant_confirmation, special_instructions, status, featured, created_at, updated_at, published_at, pickup_date, pickup_time, return_date, return_time, pickup_location_name, pickup_location_address, pickup_location_coordinates, dropoff_location_name, dropoff_location_address, dropoff_location_coordinates, number_of_passengers, number_of_luggage_pieces) VALUES ('ad5f13ed-9635-490f-884b-1eb1628e5628', '0afbb77a-e2fa-4de8-8a24-2ed473ab7c2c', 'airport pickup ', 'private cab will pick you up from the airport and safely drop to the hotel ', '', '', '', 'hanoi', 'Vietnam ', '{"latitude":0,"longitude":0}'::jsonb, 'ONE_WAY', 0, 'KM', 1, 0, '[]'::jsonb, FALSE, FALSE, TRUE, FALSE, TRUE, TRUE, FALSE, 2, FALSE, '["EN"]'::jsonb, '[]'::jsonb, 0, 'USD', 'MODERATE', 80, 24, '', '', '[]'::jsonb, 2, 30, TRUE, '', 'published', FALSE, '2025-11-13T10:42:40.995304+00:00', '2025-11-13T10:42:40.995304+00:00', '2025-11-13T10:42:55.549+00:00', NULL, NULL, NULL, NULL, NULL, NULL, NULL, NULL, NULL, NULL, 1, 0);
INSERT INTO transfer_packages (id, operator_id, title, short_description, full_description, destination_name, destination_address, destination_city, destination_country, destination_coordinates, transfer_type, total_distance, distance_unit, estimated_duration_hours, estimated_duration_minutes, route_points, meet_and_greet, name_board, driver_uniform, flight_tracking, luggage_assistance, door_to_door_service, contact_driver_in_advance, contact_lead_time, real_time_tracking, languages_supported, tags, base_price, currency, cancellation_policy_type, cancellation_refund_percentage, cancellation_deadline_hours, no_show_policy, terms_and_conditions, available_days, advance_booking_hours, maximum_advance_booking_days, instant_confirmation, special_instructions, status, featured, created_at, updated_at, published_at, pickup_date, pickup_time, return_date, return_time, pickup_location_name, pickup_location_address, pickup_location_coordinates, dropoff_location_name, dropoff_location_address, dropoff_location_coordinates, number_of_passengers, number_of_luggage_pieces) VALUES ('1ad86288-c1d4-4866-a1d2-ddf1e230a5ec', '0afbb77a-e2fa-4de8-8a24-2ed473ab7c2c', 'transfer from da nang airport to hotel ', 'Private cab will pick you up from da nang airport and drop you to da Nang hotel ', '', '', '', 'da nang ', 'vietnam ', '{"latitude":0,"longitude":0}'::jsonb, 'ONE_WAY', 0, 'KM', 1, 0, '[]'::jsonb, FALSE, FALSE, TRUE, FALSE, TRUE, TRUE, FALSE, 2, FALSE, '["EN"]'::jsonb, '[]'::jsonb, 0, 'USD', 'MODERATE', 80, 24, '', '', '[]'::jsonb, 2, 30, TRUE, '', 'published', FALSE, '2025-11-13T10:53:26.498791+00:00', '2025-11-13T10:53:26.498791+00:00', '2025-11-13T10:53:40.8+00:00', NULL, NULL, NULL, NULL, NULL, NULL, NULL, NULL, NULL, NULL, 1, 0);
INSERT INTO transfer_packages (id, operator_id, title, short_description, full_description, destination_name, destination_address, destination_city, destination_country, destination_coordinates, transfer_type, total_distance, distance_unit, estimated_duration_hours, estimated_duration_minutes, route_points, meet_and_greet, name_board, driver_uniform, flight_tracking, luggage_assistance, door_to_door_service, contact_driver_in_advance, contact_lead_time, real_time_tracking, languages_supported, tags, base_price, currency, cancellation_policy_type, cancellation_refund_percentage, cancellation_deadline_hours, no_show_policy, terms_and_conditions, available_days, advance_booking_hours, maximum_advance_booking_days, instant_confirmation, special_instructions, status, featured, created_at, updated_at, published_at, pickup_date, pickup_time, return_date, return_time, pickup_location_name, pickup_location_address, pickup_location_coordinates, dropoff_location_name, dropoff_location_address, dropoff_location_coordinates, number_of_passengers, number_of_luggage_pieces) VALUES ('6cb9fee0-9f54-4c19-a0a4-e67a88f5f446', '0afbb77a-e2fa-4de8-8a24-2ed473ab7c2c', 'Half Day (Kuta, Ubud, Seminyak, Benoa, Nusa Dua Area only)', '', '', '', '', 'Denpasar, Bali', 'Indonesia', '{"latitude":0,"longitude":0}'::jsonb, 'ONE_WAY', 0, 'KM', 1, 0, '[]'::jsonb, FALSE, FALSE, TRUE, FALSE, TRUE, TRUE, FALSE, 2, FALSE, '["EN"]'::jsonb, '[]'::jsonb, 0, 'USD', 'MODERATE', 80, 24, '', '', '[]'::jsonb, 2, 30, TRUE, '', 'draft', FALSE, '2025-11-13T11:06:53.766548+00:00', '2025-11-13T11:06:53.766548+00:00', NULL, NULL, NULL, NULL, NULL, NULL, NULL, NULL, NULL, NULL, NULL, 1, 0);
INSERT INTO transfer_packages (id, operator_id, title, short_description, full_description, destination_name, destination_address, destination_city, destination_country, destination_coordinates, transfer_type, total_distance, distance_unit, estimated_duration_hours, estimated_duration_minutes, route_points, meet_and_greet, name_board, driver_uniform, flight_tracking, luggage_assistance, door_to_door_service, contact_driver_in_advance, contact_lead_time, real_time_tracking, languages_supported, tags, base_price, currency, cancellation_policy_type, cancellation_refund_percentage, cancellation_deadline_hours, no_show_policy, terms_and_conditions, available_days, advance_booking_hours, maximum_advance_booking_days, instant_confirmation, special_instructions, status, featured, created_at, updated_at, published_at, pickup_date, pickup_time, return_date, return_time, pickup_location_name, pickup_location_address, pickup_location_coordinates, dropoff_location_name, dropoff_location_address, dropoff_location_coordinates, number_of_passengers, number_of_luggage_pieces) VALUES ('5070ed8e-91b5-4202-9904-87b6236e5ff8', '0afbb77a-e2fa-4de8-8a24-2ed473ab7c2c', 'Half Day (Kuta, Ubud, Seminyak, Benoa, Nusa Dua Area only)', '', '', '', '', 'Denpasar, Bali', 'Indonesia', '{"latitude":0,"longitude":0}'::jsonb, 'ONE_WAY', 0, 'KM', 1, 0, '[]'::jsonb, FALSE, FALSE, TRUE, FALSE, TRUE, TRUE, FALSE, 2, FALSE, '["EN"]'::jsonb, '[]'::jsonb, 0, 'USD', 'MODERATE', 80, 24, '', '', '[]'::jsonb, 2, 30, TRUE, '', 'draft', FALSE, '2025-11-13T11:07:12.038671+00:00', '2025-11-13T11:07:12.038671+00:00', NULL, NULL, NULL, NULL, NULL, NULL, NULL, NULL, NULL, NULL, NULL, 1, 0);
INSERT INTO transfer_packages (id, operator_id, title, short_description, full_description, destination_name, destination_address, destination_city, destination_country, destination_coordinates, transfer_type, total_distance, distance_unit, estimated_duration_hours, estimated_duration_minutes, route_points, meet_and_greet, name_board, driver_uniform, flight_tracking, luggage_assistance, door_to_door_service, contact_driver_in_advance, contact_lead_time, real_time_tracking, languages_supported, tags, base_price, currency, cancellation_policy_type, cancellation_refund_percentage, cancellation_deadline_hours, no_show_policy, terms_and_conditions, available_days, advance_booking_hours, maximum_advance_booking_days, instant_confirmation, special_instructions, status, featured, created_at, updated_at, published_at, pickup_date, pickup_time, return_date, return_time, pickup_location_name, pickup_location_address, pickup_location_coordinates, dropoff_location_name, dropoff_location_address, dropoff_location_coordinates, number_of_passengers, number_of_luggage_pieces) VALUES ('bede032e-7018-4654-920a-6f2e7e52346e', '0afbb77a-e2fa-4de8-8a24-2ed473ab7c2c', 'Half Day (Kuta, Ubud, Seminyak, Benoa, Nusa Dua Area only)', '', '', '', '', 'Denpasar, Bali', 'Indonesia', '{"latitude":0,"longitude":0}'::jsonb, 'ONE_WAY', 0, 'KM', 1, 0, '[]'::jsonb, FALSE, FALSE, TRUE, FALSE, TRUE, TRUE, FALSE, 2, FALSE, '["EN"]'::jsonb, '[]'::jsonb, 0, 'USD', 'MODERATE', 80, 24, '', '', '[]'::jsonb, 2, 30, TRUE, '', 'published', FALSE, '2025-11-13T11:07:14.724398+00:00', '2025-11-13T11:07:14.724398+00:00', '2025-11-13T11:07:14+00:00', NULL, NULL, NULL, NULL, NULL, NULL, NULL, NULL, NULL, NULL, 1, 0);
INSERT INTO transfer_packages (id, operator_id, title, short_description, full_description, destination_name, destination_address, destination_city, destination_country, destination_coordinates, transfer_type, total_distance, distance_unit, estimated_duration_hours, estimated_duration_minutes, route_points, meet_and_greet, name_board, driver_uniform, flight_tracking, luggage_assistance, door_to_door_service, contact_driver_in_advance, contact_lead_time, real_time_tracking, languages_supported, tags, base_price, currency, cancellation_policy_type, cancellation_refund_percentage, cancellation_deadline_hours, no_show_policy, terms_and_conditions, available_days, advance_booking_hours, maximum_advance_booking_days, instant_confirmation, special_instructions, status, featured, created_at, updated_at, published_at, pickup_date, pickup_time, return_date, return_time, pickup_location_name, pickup_location_address, pickup_location_coordinates, dropoff_location_name, dropoff_location_address, dropoff_location_coordinates, number_of_passengers, number_of_luggage_pieces) VALUES ('fa635100-7c74-4428-9e89-1433af966a27', '0afbb77a-e2fa-4de8-8a24-2ed473ab7c2c', 'Full Day (Kuta, Ubud, Seminyak, Benoa, Nusa Dua Area only)', 'Full-day private transfer in Kuta, Ubud, Seminyak, Benoa, or Nusa Dua. Comfortable, convenient, and perfect for exploring all day.', '', '', '', 'Bali', 'Indonesia', '{"latitude":0,"longitude":0}'::jsonb, 'ONE_WAY', 0, 'KM', 1, 0, '[]'::jsonb, FALSE, FALSE, TRUE, FALSE, TRUE, TRUE, FALSE, 2, FALSE, '["EN"]'::jsonb, '[]'::jsonb, 0, 'USD', 'MODERATE', 80, 24, '', '', '[]'::jsonb, 2, 30, TRUE, '', 'draft', FALSE, '2025-11-13T11:10:44.185842+00:00', '2025-11-13T11:10:44.185842+00:00', NULL, NULL, NULL, NULL, NULL, NULL, NULL, NULL, NULL, NULL, NULL, 1, 0);
INSERT INTO transfer_packages (id, operator_id, title, short_description, full_description, destination_name, destination_address, destination_city, destination_country, destination_coordinates, transfer_type, total_distance, distance_unit, estimated_duration_hours, estimated_duration_minutes, route_points, meet_and_greet, name_board, driver_uniform, flight_tracking, luggage_assistance, door_to_door_service, contact_driver_in_advance, contact_lead_time, real_time_tracking, languages_supported, tags, base_price, currency, cancellation_policy_type, cancellation_refund_percentage, cancellation_deadline_hours, no_show_policy, terms_and_conditions, available_days, advance_booking_hours, maximum_advance_booking_days, instant_confirmation, special_instructions, status, featured, created_at, updated_at, published_at, pickup_date, pickup_time, return_date, return_time, pickup_location_name, pickup_location_address, pickup_location_coordinates, dropoff_location_name, dropoff_location_address, dropoff_location_coordinates, number_of_passengers, number_of_luggage_pieces) VALUES ('7a14bde0-a8a4-41cf-bbe1-9767a13f838a', '0afbb77a-e2fa-4de8-8a24-2ed473ab7c2c', 'Full Day (Kuta, Ubud, Seminyak, Benoa, Nusa Dua Area only)', 'Full-day private transfer in Kuta, Ubud, Seminyak, Benoa, or Nusa Dua. Comfortable, convenient, and perfect for exploring all day.', '', '', '', 'Bali', 'Indonesia', '{"latitude":0,"longitude":0}'::jsonb, 'ONE_WAY', 0, 'KM', 1, 0, '[]'::jsonb, FALSE, FALSE, TRUE, FALSE, TRUE, TRUE, FALSE, 2, FALSE, '["EN"]'::jsonb, '[]'::jsonb, 0, 'USD', 'MODERATE', 80, 24, '', '', '[]'::jsonb, 2, 30, TRUE, '', 'draft', FALSE, '2025-11-13T11:10:50.926403+00:00', '2025-11-13T11:10:50.926403+00:00', NULL, NULL, NULL, NULL, NULL, NULL, NULL, NULL, NULL, NULL, NULL, 1, 0);
INSERT INTO transfer_packages (id, operator_id, title, short_description, full_description, destination_name, destination_address, destination_city, destination_country, destination_coordinates, transfer_type, total_distance, distance_unit, estimated_duration_hours, estimated_duration_minutes, route_points, meet_and_greet, name_board, driver_uniform, flight_tracking, luggage_assistance, door_to_door_service, contact_driver_in_advance, contact_lead_time, real_time_tracking, languages_supported, tags, base_price, currency, cancellation_policy_type, cancellation_refund_percentage, cancellation_deadline_hours, no_show_policy, terms_and_conditions, available_days, advance_booking_hours, maximum_advance_booking_days, instant_confirmation, special_instructions, status, featured, created_at, updated_at, published_at, pickup_date, pickup_time, return_date, return_time, pickup_location_name, pickup_location_address, pickup_location_coordinates, dropoff_location_name, dropoff_location_address, dropoff_location_coordinates, number_of_passengers, number_of_luggage_pieces) VALUES ('1425dead-2f02-4f33-ade7-07463a5b74ac', '0afbb77a-e2fa-4de8-8a24-2ed473ab7c2c', 'Full Day (Kuta, Ubud, Seminyak, Benoa, Nusa Dua Area only)', 'Full-day private transfer in Kuta, Ubud, Seminyak, Benoa, or Nusa Dua. Comfortable, convenient, and perfect for exploring all day.', '', '', '', 'Bali', 'Indonesia', '{"latitude":0,"longitude":0}'::jsonb, 'ONE_WAY', 0, 'KM', 1, 0, '[]'::jsonb, FALSE, FALSE, TRUE, FALSE, TRUE, TRUE, FALSE, 2, FALSE, '["EN"]'::jsonb, '[]'::jsonb, 0, 'USD', 'MODERATE', 80, 24, '', '', '[]'::jsonb, 2, 30, TRUE, '', 'published', FALSE, '2025-11-13T11:10:53.387427+00:00', '2025-11-13T11:10:53.387427+00:00', '2025-11-13T11:10:52.648+00:00', NULL, NULL, NULL, NULL, NULL, NULL, NULL, NULL, NULL, NULL, 1, 0);
INSERT INTO transfer_packages (id, operator_id, title, short_description, full_description, destination_name, destination_address, destination_city, destination_country, destination_coordinates, transfer_type, total_distance, distance_unit, estimated_duration_hours, estimated_duration_minutes, route_points, meet_and_greet, name_board, driver_uniform, flight_tracking, luggage_assistance, door_to_door_service, contact_driver_in_advance, contact_lead_time, real_time_tracking, languages_supported, tags, base_price, currency, cancellation_policy_type, cancellation_refund_percentage, cancellation_deadline_hours, no_show_policy, terms_and_conditions, available_days, advance_booking_hours, maximum_advance_booking_days, instant_confirmation, special_instructions, status, featured, created_at, updated_at, published_at, pickup_date, pickup_time, return_date, return_time, pickup_location_name, pickup_location_address, pickup_location_coordinates, dropoff_location_name, dropoff_location_address, dropoff_location_coordinates, number_of_passengers, number_of_luggage_pieces) VALUES ('308c6f68-595d-4065-afb9-e2468afa6a57', '0afbb77a-e2fa-4de8-8a24-2ed473ab7c2c', 'Half Day (Kuta, Ubud, Seminyak, Benoa, Nusa Dua Area only)', 'Half-day private transfer in Kuta, Ubud, Seminyak, Benoa, or Nusa Dua. Comfortable, convenient, and flexible for short trips.', '', '', '', 'Bali', 'Indonesia', '{"latitude":0,"longitude":0}'::jsonb, 'ONE_WAY', 0, 'KM', 1, 0, '[]'::jsonb, FALSE, FALSE, TRUE, FALSE, TRUE, TRUE, FALSE, 2, FALSE, '["EN"]'::jsonb, '[]'::jsonb, 0, 'USD', 'MODERATE', 80, 24, '', '', '[]'::jsonb, 2, 30, TRUE, '', 'draft', FALSE, '2025-11-13T11:15:59.465644+00:00', '2025-11-13T11:15:59.465644+00:00', NULL, NULL, NULL, NULL, NULL, NULL, NULL, NULL, NULL, NULL, NULL, 1, 0);
INSERT INTO transfer_packages (id, operator_id, title, short_description, full_description, destination_name, destination_address, destination_city, destination_country, destination_coordinates, transfer_type, total_distance, distance_unit, estimated_duration_hours, estimated_duration_minutes, route_points, meet_and_greet, name_board, driver_uniform, flight_tracking, luggage_assistance, door_to_door_service, contact_driver_in_advance, contact_lead_time, real_time_tracking, languages_supported, tags, base_price, currency, cancellation_policy_type, cancellation_refund_percentage, cancellation_deadline_hours, no_show_policy, terms_and_conditions, available_days, advance_booking_hours, maximum_advance_booking_days, instant_confirmation, special_instructions, status, featured, created_at, updated_at, published_at, pickup_date, pickup_time, return_date, return_time, pickup_location_name, pickup_location_address, pickup_location_coordinates, dropoff_location_name, dropoff_location_address, dropoff_location_coordinates, number_of_passengers, number_of_luggage_pieces) VALUES ('c4b9f871-3bbf-485f-be6d-06a920b3461d', '0afbb77a-e2fa-4de8-8a24-2ed473ab7c2c', 'Half Day (Kuta, Ubud, Seminyak, Benoa, Nusa Dua Area only)', 'Half-day private transfer in Kuta, Ubud, Seminyak, Benoa, or Nusa Dua. Comfortable, convenient, and flexible for short trips.', '', '', '', 'Bali', 'Indonesia', '{"latitude":0,"longitude":0}'::jsonb, 'ONE_WAY', 0, 'KM', 1, 0, '[]'::jsonb, FALSE, FALSE, TRUE, FALSE, TRUE, TRUE, FALSE, 2, FALSE, '["EN"]'::jsonb, '[]'::jsonb, 0, 'USD', 'MODERATE', 80, 24, '', '', '[]'::jsonb, 2, 30, TRUE, '', 'draft', FALSE, '2025-11-13T11:16:07.884827+00:00', '2025-11-13T11:16:07.884827+00:00', NULL, NULL, NULL, NULL, NULL, NULL, NULL, NULL, NULL, NULL, NULL, 1, 0);
INSERT INTO transfer_packages (id, operator_id, title, short_description, full_description, destination_name, destination_address, destination_city, destination_country, destination_coordinates, transfer_type, total_distance, distance_unit, estimated_duration_hours, estimated_duration_minutes, route_points, meet_and_greet, name_board, driver_uniform, flight_tracking, luggage_assistance, door_to_door_service, contact_driver_in_advance, contact_lead_time, real_time_tracking, languages_supported, tags, base_price, currency, cancellation_policy_type, cancellation_refund_percentage, cancellation_deadline_hours, no_show_policy, terms_and_conditions, available_days, advance_booking_hours, maximum_advance_booking_days, instant_confirmation, special_instructions, status, featured, created_at, updated_at, published_at, pickup_date, pickup_time, return_date, return_time, pickup_location_name, pickup_location_address, pickup_location_coordinates, dropoff_location_name, dropoff_location_address, dropoff_location_coordinates, number_of_passengers, number_of_luggage_pieces) VALUES ('592f9296-f2ba-4a3b-9f11-742774a88137', '1e667b74-35da-4c13-8724-420abab6afe8', 'Bali Airport VIP Transfer Service', 'Premium VIP transfer with meet and greet service from Ngurah Rai Airport', 'Premium VIP transfer service from Bali''s Ngurah Rai International Airport to hotels throughout Bali.', 'Bali Hotels', 'Bali Hotels - Various Locations', 'Bali', 'Indonesia', '{"latitude":-8.6482,"longitude":115.1424}'::jsonb, 'ONE_WAY', NULL, 'KM', NULL, NULL, NULL, TRUE, TRUE, TRUE, FALSE, TRUE, TRUE, FALSE, 2, TRUE, '["EN"]'::jsonb, '[]'::jsonb, 75, 'USD', 'MODERATE', 80, 24, NULL, NULL, '[]'::jsonb, 2, 30, TRUE, NULL, 'published', FALSE, '2025-11-01T10:46:42.607284+00:00', '2025-11-01T10:46:42.607284+00:00', '2025-11-01T10:46:42.607284+00:00', NULL, NULL, NULL, NULL, NULL, NULL, NULL, NULL, NULL, NULL, 1, 0);
INSERT INTO transfer_packages (id, operator_id, title, short_description, full_description, destination_name, destination_address, destination_city, destination_country, destination_coordinates, transfer_type, total_distance, distance_unit, estimated_duration_hours, estimated_duration_minutes, route_points, meet_and_greet, name_board, driver_uniform, flight_tracking, luggage_assistance, door_to_door_service, contact_driver_in_advance, contact_lead_time, real_time_tracking, languages_supported, tags, base_price, currency, cancellation_policy_type, cancellation_refund_percentage, cancellation_deadline_hours, no_show_policy, terms_and_conditions, available_days, advance_booking_hours, maximum_advance_booking_days, instant_confirmation, special_instructions, status, featured, created_at, updated_at, published_at, pickup_date, pickup_time, return_date, return_time, pickup_location_name, pickup_location_address, pickup_location_coordinates, dropoff_location_name, dropoff_location_address, dropoff_location_coordinates, number_of_passengers, number_of_luggage_pieces) VALUES ('f1b1bab1-9cac-4e38-8ac6-113f2d3452a7', '1e667b74-35da-4c13-8724-420abab6afe8', 'Bali to Lombok Ferry Transfer', 'Complete transfer service from Bali to Lombok via ferry', 'Complete transfer service from Bali to Lombok via ferry, including all transfers and ferry tickets.', 'Lombok Hotels', 'Lombok Hotels - Various Locations', 'Lombok', 'Indonesia', '{"latitude":-8.5833,"longitude":116.1167}'::jsonb, 'ONE_WAY', 80, 'KM', 4, 0, NULL, FALSE, FALSE, TRUE, FALSE, TRUE, TRUE, FALSE, 2, FALSE, '["EN"]'::jsonb, '[]'::jsonb, 120, 'USD', 'MODERATE', 80, 24, NULL, NULL, '[]'::jsonb, 2, 30, TRUE, NULL, 'published', FALSE, '2025-11-01T10:46:42.607284+00:00', '2025-11-01T10:46:42.607284+00:00', '2025-11-01T10:46:42.607284+00:00', NULL, NULL, NULL, NULL, NULL, NULL, NULL, NULL, NULL, NULL, 1, 0);
INSERT INTO transfer_packages (id, operator_id, title, short_description, full_description, destination_name, destination_address, destination_city, destination_country, destination_coordinates, transfer_type, total_distance, distance_unit, estimated_duration_hours, estimated_duration_minutes, route_points, meet_and_greet, name_board, driver_uniform, flight_tracking, luggage_assistance, door_to_door_service, contact_driver_in_advance, contact_lead_time, real_time_tracking, languages_supported, tags, base_price, currency, cancellation_policy_type, cancellation_refund_percentage, cancellation_deadline_hours, no_show_policy, terms_and_conditions, available_days, advance_booking_hours, maximum_advance_booking_days, instant_confirmation, special_instructions, status, featured, created_at, updated_at, published_at, pickup_date, pickup_time, return_date, return_time, pickup_location_name, pickup_location_address, pickup_location_coordinates, dropoff_location_name, dropoff_location_address, dropoff_location_coordinates, number_of_passengers, number_of_luggage_pieces) VALUES ('25a33b70-cf6a-4d83-acf0-15d54489e858', '0afbb77a-e2fa-4de8-8a24-2ed473ab7c2c', 'Half Day (Kuta, Ubud, Seminyak, Benoa, Nusa Dua Area only)', 'Half-day private transfer in Kuta, Ubud, Seminyak, Benoa, or Nusa Dua. Comfortable, convenient, and flexible for short trips.', '', '', '', 'Bali', 'Indonesia', '{"latitude":0,"longitude":0}'::jsonb, 'ONE_WAY', 0, 'KM', 1, 0, '[]'::jsonb, FALSE, FALSE, TRUE, FALSE, TRUE, TRUE, FALSE, 2, FALSE, '["EN"]'::jsonb, '[]'::jsonb, 0, 'USD', 'MODERATE', 80, 24, '', '', '[]'::jsonb, 2, 30, TRUE, '', 'published', FALSE, '2025-11-13T11:16:11.221096+00:00', '2025-11-13T11:16:11.221096+00:00', '2025-11-13T11:16:10.486+00:00', NULL, NULL, NULL, NULL, NULL, NULL, NULL, NULL, NULL, NULL, 1, 0);
INSERT INTO transfer_packages (id, operator_id, title, short_description, full_description, destination_name, destination_address, destination_city, destination_country, destination_coordinates, transfer_type, total_distance, distance_unit, estimated_duration_hours, estimated_duration_minutes, route_points, meet_and_greet, name_board, driver_uniform, flight_tracking, luggage_assistance, door_to_door_service, contact_driver_in_advance, contact_lead_time, real_time_tracking, languages_supported, tags, base_price, currency, cancellation_policy_type, cancellation_refund_percentage, cancellation_deadline_hours, no_show_policy, terms_and_conditions, available_days, advance_booking_hours, maximum_advance_booking_days, instant_confirmation, special_instructions, status, featured, created_at, updated_at, published_at, pickup_date, pickup_time, return_date, return_time, pickup_location_name, pickup_location_address, pickup_location_coordinates, dropoff_location_name, dropoff_location_address, dropoff_location_coordinates, number_of_passengers, number_of_luggage_pieces) VALUES ('71e1f970-ba3b-4806-bdc8-604fb9f6ecf1', '0afbb77a-e2fa-4de8-8a24-2ed473ab7c2c', 'Full Day (Kuta, Ubud, Seminyak, Benoa, Nusa Dua Area only)', 'Full-day private transfer in Kuta, Ubud, Seminyak, Benoa, or Nusa Dua. Comfortable, convenient, and ideal for exploring all day.', '', '', '', 'Bali', 'Indonesia', '{"latitude":0,"longitude":0}'::jsonb, 'ONE_WAY', 0, 'KM', 1, 0, '[]'::jsonb, FALSE, FALSE, TRUE, FALSE, TRUE, TRUE, FALSE, 2, FALSE, '["EN"]'::jsonb, '[]'::jsonb, 0, 'USD', 'MODERATE', 80, 24, '', '', '[]'::jsonb, 2, 30, TRUE, '', 'draft', FALSE, '2025-11-13T11:18:49.20362+00:00', '2025-11-13T11:18:49.20362+00:00', NULL, NULL, NULL, NULL, NULL, NULL, NULL, NULL, NULL, NULL, NULL, 1, 0);
INSERT INTO transfer_packages (id, operator_id, title, short_description, full_description, destination_name, destination_address, destination_city, destination_country, destination_coordinates, transfer_type, total_distance, distance_unit, estimated_duration_hours, estimated_duration_minutes, route_points, meet_and_greet, name_board, driver_uniform, flight_tracking, luggage_assistance, door_to_door_service, contact_driver_in_advance, contact_lead_time, real_time_tracking, languages_supported, tags, base_price, currency, cancellation_policy_type, cancellation_refund_percentage, cancellation_deadline_hours, no_show_policy, terms_and_conditions, available_days, advance_booking_hours, maximum_advance_booking_days, instant_confirmation, special_instructions, status, featured, created_at, updated_at, published_at, pickup_date, pickup_time, return_date, return_time, pickup_location_name, pickup_location_address, pickup_location_coordinates, dropoff_location_name, dropoff_location_address, dropoff_location_coordinates, number_of_passengers, number_of_luggage_pieces) VALUES ('fe3674e0-8a51-4480-a478-0ca89523be30', '0afbb77a-e2fa-4de8-8a24-2ed473ab7c2c', 'Full Day (Kuta, Ubud, Seminyak, Benoa, Nusa Dua Area only)', 'Full-day private transfer in Kuta, Ubud, Seminyak, Benoa, or Nusa Dua. Comfortable, convenient, and ideal for exploring all day.', '', '', '', 'Bali', 'Indonesia', '{"latitude":0,"longitude":0}'::jsonb, 'ONE_WAY', 0, 'KM', 1, 0, '[]'::jsonb, FALSE, FALSE, TRUE, FALSE, TRUE, TRUE, FALSE, 2, FALSE, '["EN"]'::jsonb, '[]'::jsonb, 0, 'USD', 'MODERATE', 80, 24, '', '', '[]'::jsonb, 2, 30, TRUE, '', 'draft', FALSE, '2025-11-13T11:19:00.803713+00:00', '2025-11-13T11:19:00.803713+00:00', NULL, NULL, NULL, NULL, NULL, NULL, NULL, NULL, NULL, NULL, NULL, 1, 0);
INSERT INTO transfer_packages (id, operator_id, title, short_description, full_description, destination_name, destination_address, destination_city, destination_country, destination_coordinates, transfer_type, total_distance, distance_unit, estimated_duration_hours, estimated_duration_minutes, route_points, meet_and_greet, name_board, driver_uniform, flight_tracking, luggage_assistance, door_to_door_service, contact_driver_in_advance, contact_lead_time, real_time_tracking, languages_supported, tags, base_price, currency, cancellation_policy_type, cancellation_refund_percentage, cancellation_deadline_hours, no_show_policy, terms_and_conditions, available_days, advance_booking_hours, maximum_advance_booking_days, instant_confirmation, special_instructions, status, featured, created_at, updated_at, published_at, pickup_date, pickup_time, return_date, return_time, pickup_location_name, pickup_location_address, pickup_location_coordinates, dropoff_location_name, dropoff_location_address, dropoff_location_coordinates, number_of_passengers, number_of_luggage_pieces) VALUES ('2ea8e6be-e4ba-42b3-b268-2d92c6f94cec', '0afbb77a-e2fa-4de8-8a24-2ed473ab7c2c', 'Full Day (Kuta, Ubud, Seminyak, Benoa, Nusa Dua Area only)', 'Full-day private transfer in Kuta, Ubud, Seminyak, Benoa, or Nusa Dua. Comfortable, convenient, and ideal for exploring all day.', '', '', '', 'Bali', 'Indonesia', '{"latitude":0,"longitude":0}'::jsonb, 'ONE_WAY', 0, 'KM', 1, 0, '[]'::jsonb, FALSE, FALSE, TRUE, FALSE, TRUE, TRUE, FALSE, 2, FALSE, '["EN"]'::jsonb, '[]'::jsonb, 0, 'USD', 'MODERATE', 80, 24, '', '', '[]'::jsonb, 2, 30, TRUE, '', 'published', FALSE, '2025-11-13T11:19:11.025112+00:00', '2025-11-13T11:19:11.025112+00:00', '2025-11-13T11:19:10.294+00:00', NULL, NULL, NULL, NULL, NULL, NULL, NULL, NULL, NULL, NULL, 1, 0);
INSERT INTO transfer_packages (id, operator_id, title, short_description, full_description, destination_name, destination_address, destination_city, destination_country, destination_coordinates, transfer_type, total_distance, distance_unit, estimated_duration_hours, estimated_duration_minutes, route_points, meet_and_greet, name_board, driver_uniform, flight_tracking, luggage_assistance, door_to_door_service, contact_driver_in_advance, contact_lead_time, real_time_tracking, languages_supported, tags, base_price, currency, cancellation_policy_type, cancellation_refund_percentage, cancellation_deadline_hours, no_show_policy, terms_and_conditions, available_days, advance_booking_hours, maximum_advance_booking_days, instant_confirmation, special_instructions, status, featured, created_at, updated_at, published_at, pickup_date, pickup_time, return_date, return_time, pickup_location_name, pickup_location_address, pickup_location_coordinates, dropoff_location_name, dropoff_location_address, dropoff_location_coordinates, number_of_passengers, number_of_luggage_pieces) VALUES ('20eef7a5-83e0-41f5-8b9e-f1223df8a25f', '0afbb77a-e2fa-4de8-8a24-2ed473ab7c2c', 'Abu Dhabi Hotel to Airport transfers', 'Enjoy a seamless transfer from your hotel to Travel in an air-conditioned vehicle, with a professional driver ensuring a stress-free journey.', '', '', '', 'Dubai', 'UAE', '{"latitude":0,"longitude":0}'::jsonb, 'ONE_WAY', 0, 'KM', 1, 0, '[]'::jsonb, FALSE, FALSE, TRUE, FALSE, TRUE, TRUE, FALSE, 2, FALSE, '["EN"]'::jsonb, '[]'::jsonb, 0, 'USD', 'MODERATE', 80, 24, '', '', '[]'::jsonb, 2, 30, TRUE, '', 'published', FALSE, '2025-11-13T18:58:24.00039+00:00', '2025-11-13T19:05:39.477187+00:00', '2025-11-13T19:05:39.593+00:00', NULL, NULL, NULL, NULL, NULL, NULL, NULL, NULL, NULL, NULL, 1, 0);
INSERT INTO transfer_packages (id, operator_id, title, short_description, full_description, destination_name, destination_address, destination_city, destination_country, destination_coordinates, transfer_type, total_distance, distance_unit, estimated_duration_hours, estimated_duration_minutes, route_points, meet_and_greet, name_board, driver_uniform, flight_tracking, luggage_assistance, door_to_door_service, contact_driver_in_advance, contact_lead_time, real_time_tracking, languages_supported, tags, base_price, currency, cancellation_policy_type, cancellation_refund_percentage, cancellation_deadline_hours, no_show_policy, terms_and_conditions, available_days, advance_booking_hours, maximum_advance_booking_days, instant_confirmation, special_instructions, status, featured, created_at, updated_at, published_at, pickup_date, pickup_time, return_date, return_time, pickup_location_name, pickup_location_address, pickup_location_coordinates, dropoff_location_name, dropoff_location_address, dropoff_location_coordinates, number_of_passengers, number_of_luggage_pieces) VALUES ('88c95f40-8a79-4d8c-a949-d63d4e4350ed', '0afbb77a-e2fa-4de8-8a24-2ed473ab7c2c', 'Full-Day Dubai Transfers – Explore the City in Comfort', 'Enjoy a full-day Dubai transfer with comfort and convenience. Travel in style between top attractions, hotels, and landmarks with professional drivers', '', '', '', 'Dubai', 'UAE', '{"latitude":0,"longitude":0}'::jsonb, 'ONE_WAY', 0, 'KM', 1, 0, '[]'::jsonb, FALSE, FALSE, TRUE, FALSE, TRUE, TRUE, FALSE, 2, FALSE, '["EN"]'::jsonb, '[]'::jsonb, 0, 'USD', 'MODERATE', 80, 24, '', '', '[]'::jsonb, 2, 30, TRUE, '', 'published', FALSE, '2025-11-13T19:08:50.045983+00:00', '2025-11-13T19:08:50.045983+00:00', '2025-11-13T19:08:50.54+00:00', NULL, NULL, NULL, NULL, NULL, NULL, NULL, NULL, NULL, NULL, 1, 0);
INSERT INTO transfer_packages (id, operator_id, title, short_description, full_description, destination_name, destination_address, destination_city, destination_country, destination_coordinates, transfer_type, total_distance, distance_unit, estimated_duration_hours, estimated_duration_minutes, route_points, meet_and_greet, name_board, driver_uniform, flight_tracking, luggage_assistance, door_to_door_service, contact_driver_in_advance, contact_lead_time, real_time_tracking, languages_supported, tags, base_price, currency, cancellation_policy_type, cancellation_refund_percentage, cancellation_deadline_hours, no_show_policy, terms_and_conditions, available_days, advance_booking_hours, maximum_advance_booking_days, instant_confirmation, special_instructions, status, featured, created_at, updated_at, published_at, pickup_date, pickup_time, return_date, return_time, pickup_location_name, pickup_location_address, pickup_location_coordinates, dropoff_location_name, dropoff_location_address, dropoff_location_coordinates, number_of_passengers, number_of_luggage_pieces) VALUES ('81e73f7b-7fee-4a54-8a14-3c5b73215f1b', '0afbb77a-e2fa-4de8-8a24-2ed473ab7c2c', 'Explore Abu Dhabi in Comfort with Full-Day City Transfers', 'Enjoy hassle-free full-day Abu Dhabi transfers. Travel in comfort between top attractions, hotels, and landmarks with professional drivers and modern vehicles', '', '', '', 'Dubai', 'UAE', '{"latitude":0,"longitude":0}'::jsonb, 'ONE_WAY', 0, 'KM', 1, 0, '[]'::jsonb, FALSE, FALSE, TRUE, FALSE, TRUE, TRUE, FALSE, 2, FALSE, '["EN"]'::jsonb, '[]'::jsonb, 0, 'USD', 'MODERATE', 80, 24, '', '', '[]'::jsonb, 2, 30, TRUE, '', 'published', FALSE, '2025-11-13T19:10:57.261773+00:00', '2025-11-13T19:10:57.261773+00:00', '2025-11-13T19:10:58.217+00:00', NULL, NULL, NULL, NULL, NULL, NULL, NULL, NULL, NULL, NULL, 1, 0);

-- Table: transfer_package_vehicles (23 rows)
INSERT INTO transfer_package_vehicles (id, package_id, vehicle_type, name, description, passenger_capacity, luggage_capacity, features, base_price, is_active, display_order, created_at, updated_at, has_image) VALUES ('7ac3197a-569f-4cdc-ac9c-efa8ceb514a0', 'ad5f13ed-9635-490f-884b-1eb1628e5628', 'SEDAN', 'Economy 4 seater', NULL, 4, 0, '[]'::jsonb, 0, TRUE, 1, '2025-11-13T10:42:41.267232+00:00', '2025-11-13T10:42:41.267232+00:00', TRUE);
INSERT INTO transfer_package_vehicles (id, package_id, vehicle_type, name, description, passenger_capacity, luggage_capacity, features, base_price, is_active, display_order, created_at, updated_at, has_image) VALUES ('14001a4d-aafa-4d4a-8abe-818b3a59e7cf', '6cb9fee0-9f54-4c19-a0a4-e67a88f5f446', 'VAN', 'Toyota HiAce Premio', NULL, 8, 0, '[]'::jsonb, 0, TRUE, 1, '2025-11-13T11:06:54.110695+00:00', '2025-11-13T11:06:54.110695+00:00', TRUE);
INSERT INTO transfer_package_vehicles (id, package_id, vehicle_type, name, description, passenger_capacity, luggage_capacity, features, base_price, is_active, display_order, created_at, updated_at, has_image) VALUES ('5fd1903b-fe06-4349-abe5-4f6bb9d33cc0', 'bede032e-7018-4654-920a-6f2e7e52346e', 'VAN', 'Toyota HiAce Premio', NULL, 8, 0, '[]'::jsonb, 0, TRUE, 1, '2025-11-13T11:07:14.877121+00:00', '2025-11-13T11:07:14.877121+00:00', TRUE);
INSERT INTO transfer_package_vehicles (id, package_id, vehicle_type, name, description, passenger_capacity, luggage_capacity, features, base_price, is_active, display_order, created_at, updated_at, has_image) VALUES ('c4591976-d6c8-4032-833d-6d7f86267693', '7a14bde0-a8a4-41cf-bbe1-9767a13f838a', 'VAN', 'Toyota Hiace', NULL, 8, 0, '[]'::jsonb, 0, TRUE, 1, '2025-11-13T11:10:51.090402+00:00', '2025-11-13T11:10:51.090402+00:00', TRUE);
INSERT INTO transfer_package_vehicles (id, package_id, vehicle_type, name, description, passenger_capacity, luggage_capacity, features, base_price, is_active, display_order, created_at, updated_at, has_image) VALUES ('f93b39ea-8419-4ff9-b433-1587e6119f6e', '308c6f68-595d-4065-afb9-e2468afa6a57', 'VAN', 'Suzuki APV', NULL, 4, 0, '[]'::jsonb, 0, TRUE, 1, '2025-11-13T11:15:59.70627+00:00', '2025-11-13T11:15:59.70627+00:00', TRUE);
INSERT INTO transfer_package_vehicles (id, package_id, vehicle_type, name, description, passenger_capacity, luggage_capacity, features, base_price, is_active, display_order, created_at, updated_at, has_image) VALUES ('caaf67c7-8854-41c6-986a-c9fb48565621', '25a33b70-cf6a-4d83-acf0-15d54489e858', 'VAN', 'Suzuki APV', NULL, 4, 0, '[]'::jsonb, 0, TRUE, 1, '2025-11-13T11:16:11.371302+00:00', '2025-11-13T11:16:11.371302+00:00', TRUE);
INSERT INTO transfer_package_vehicles (id, package_id, vehicle_type, name, description, passenger_capacity, luggage_capacity, features, base_price, is_active, display_order, created_at, updated_at, has_image) VALUES ('597bacf3-9249-4dd1-a45f-d606fe37b9e7', '71e1f970-ba3b-4806-bdc8-604fb9f6ecf1', 'VAN', 'Suzuki APV ', NULL, 4, 0, '[]'::jsonb, 0, TRUE, 1, '2025-11-13T11:18:49.37624+00:00', '2025-11-13T11:18:49.37624+00:00', TRUE);
INSERT INTO transfer_package_vehicles (id, package_id, vehicle_type, name, description, passenger_capacity, luggage_capacity, features, base_price, is_active, display_order, created_at, updated_at, has_image) VALUES ('3be3d53b-006d-4c40-af5c-5997f07dd51f', '2ea8e6be-e4ba-42b3-b268-2d92c6f94cec', 'VAN', 'Suzuki APV ', NULL, 4, 0, '[]'::jsonb, 0, TRUE, 1, '2025-11-13T11:19:11.164177+00:00', '2025-11-13T11:19:11.164177+00:00', TRUE);
INSERT INTO transfer_package_vehicles (id, package_id, vehicle_type, name, description, passenger_capacity, luggage_capacity, features, base_price, is_active, display_order, created_at, updated_at, has_image) VALUES ('089cff44-a5fc-4971-9832-bb202467c8d9', '20eef7a5-83e0-41f5-8b9e-f1223df8a25f', 'SUV', 'Suzuki APV', NULL, 4, 0, '[]'::jsonb, 0, TRUE, 1, '2025-11-13T19:05:40.893686+00:00', '2025-11-13T19:05:40.893686+00:00', FALSE);
INSERT INTO transfer_package_vehicles (id, package_id, vehicle_type, name, description, passenger_capacity, luggage_capacity, features, base_price, is_active, display_order, created_at, updated_at, has_image) VALUES ('5a10b6ed-5af4-4019-a6ea-82ea6b2ea590', '81e73f7b-7fee-4a54-8a14-3c5b73215f1b', 'VAN', 'Suzuki APV', NULL, 4, 0, '[]'::jsonb, 0, TRUE, 1, '2025-11-13T19:10:57.555922+00:00', '2025-11-13T19:10:57.555922+00:00', FALSE);
INSERT INTO transfer_package_vehicles (id, package_id, vehicle_type, name, description, passenger_capacity, luggage_capacity, features, base_price, is_active, display_order, created_at, updated_at, has_image) VALUES ('517d96a9-0521-4208-af53-05fd9be80ac4', '1ad86288-c1d4-4866-a1d2-ddf1e230a5ec', 'SEDAN', 'Economy 4 seater', NULL, 4, 0, '[]'::jsonb, 0, TRUE, 1, '2025-11-13T10:53:26.84086+00:00', '2025-11-13T10:53:26.84086+00:00', TRUE);
INSERT INTO transfer_package_vehicles (id, package_id, vehicle_type, name, description, passenger_capacity, luggage_capacity, features, base_price, is_active, display_order, created_at, updated_at, has_image) VALUES ('98ecfecb-3375-4fe5-b43d-780b2074a56c', '76f102ea-95c2-41c4-b154-9aeb9bc99bbd', 'SUV', 'Innova', NULL, 5, 0, '[]'::jsonb, 0, TRUE, 1, '2025-10-26T04:16:56.973947+00:00', '2025-10-26T04:16:56.973947+00:00', FALSE);
INSERT INTO transfer_package_vehicles (id, package_id, vehicle_type, name, description, passenger_capacity, luggage_capacity, features, base_price, is_active, display_order, created_at, updated_at, has_image) VALUES ('3a5849f7-bbbd-4f4a-98d1-98f751b5f566', '76f102ea-95c2-41c4-b154-9aeb9bc99bbd', 'SEDAN', 'Swift Dzire', NULL, 3, 0, '[]'::jsonb, 0, TRUE, 2, '2025-10-26T04:16:56.973947+00:00', '2025-10-26T04:16:56.973947+00:00', FALSE);
INSERT INTO transfer_package_vehicles (id, package_id, vehicle_type, name, description, passenger_capacity, luggage_capacity, features, base_price, is_active, display_order, created_at, updated_at, has_image) VALUES ('6472fc22-8987-47cd-8af7-0e699695738e', '5070ed8e-91b5-4202-9904-87b6236e5ff8', 'VAN', 'Toyota HiAce Premio', NULL, 8, 0, '[]'::jsonb, 0, TRUE, 1, '2025-11-13T11:07:12.237758+00:00', '2025-11-13T11:07:12.237758+00:00', TRUE);
INSERT INTO transfer_package_vehicles (id, package_id, vehicle_type, name, description, passenger_capacity, luggage_capacity, features, base_price, is_active, display_order, created_at, updated_at, has_image) VALUES ('aa996208-fe09-41be-a317-7c102575a206', 'fa635100-7c74-4428-9e89-1433af966a27', 'VAN', 'Toyota Hiace', NULL, 8, 0, '[]'::jsonb, 0, TRUE, 1, '2025-11-13T11:10:44.344256+00:00', '2025-11-13T11:10:44.344256+00:00', TRUE);
INSERT INTO transfer_package_vehicles (id, package_id, vehicle_type, name, description, passenger_capacity, luggage_capacity, features, base_price, is_active, display_order, created_at, updated_at, has_image) VALUES ('ad349f1c-9ea6-4b37-b5ae-def79cc5731b', '1425dead-2f02-4f33-ade7-07463a5b74ac', 'VAN', 'Toyota Hiace', NULL, 8, 0, '[]'::jsonb, 0, TRUE, 1, '2025-11-13T11:10:53.518067+00:00', '2025-11-13T11:10:53.518067+00:00', TRUE);
INSERT INTO transfer_package_vehicles (id, package_id, vehicle_type, name, description, passenger_capacity, luggage_capacity, features, base_price, is_active, display_order, created_at, updated_at, has_image) VALUES ('88dcf9e5-423e-49c0-a24e-c00504584136', 'c4b9f871-3bbf-485f-be6d-06a920b3461d', 'VAN', 'Suzuki APV', NULL, 4, 0, '[]'::jsonb, 0, TRUE, 1, '2025-11-13T11:16:08.061774+00:00', '2025-11-13T11:16:08.061774+00:00', TRUE);
INSERT INTO transfer_package_vehicles (id, package_id, vehicle_type, name, description, passenger_capacity, luggage_capacity, features, base_price, is_active, display_order, created_at, updated_at, has_image) VALUES ('7ff24fb7-d9da-4c77-a0b8-c8d0d3145436', '61d4c1f7-242c-4822-a123-4810a20679ad', 'SEDAN', 'Dzire', NULL, 3, 0, '[]'::jsonb, 0, TRUE, 1, '2025-10-27T02:46:27.37945+00:00', '2025-10-27T02:46:27.37945+00:00', TRUE);
INSERT INTO transfer_package_vehicles (id, package_id, vehicle_type, name, description, passenger_capacity, luggage_capacity, features, base_price, is_active, display_order, created_at, updated_at, has_image) VALUES ('c95ac7a4-e045-4846-aa5b-b49bd30151aa', 'fe3674e0-8a51-4480-a478-0ca89523be30', 'VAN', 'Suzuki APV ', NULL, 4, 0, '[]'::jsonb, 0, TRUE, 1, '2025-11-13T11:19:00.964348+00:00', '2025-11-13T11:19:00.964348+00:00', TRUE);
INSERT INTO transfer_package_vehicles (id, package_id, vehicle_type, name, description, passenger_capacity, luggage_capacity, features, base_price, is_active, display_order, created_at, updated_at, has_image) VALUES ('840d44d7-7ece-45ce-b95b-4cad1045f7ab', '88c95f40-8a79-4d8c-a949-d63d4e4350ed', 'VAN', 'Suzuki APV', NULL, 4, 0, '[]'::jsonb, 0, TRUE, 1, '2025-11-13T19:08:50.392498+00:00', '2025-11-13T19:08:50.392498+00:00', FALSE);
INSERT INTO transfer_package_vehicles (id, package_id, vehicle_type, name, description, passenger_capacity, luggage_capacity, features, base_price, is_active, display_order, created_at, updated_at, has_image) VALUES ('67ef9a19-1430-4e54-9041-ca1ab6f15a48', '56166a0e-18ae-4ebd-87b3-3454412800f5', 'SEDAN', 'dzire', NULL, 3, 0, '[]'::jsonb, 0, TRUE, 1, '2025-10-27T15:56:07.725375+00:00', '2025-10-27T15:56:07.725375+00:00', TRUE);
INSERT INTO transfer_package_vehicles (id, package_id, vehicle_type, name, description, passenger_capacity, luggage_capacity, features, base_price, is_active, display_order, created_at, updated_at, has_image) VALUES ('f1ee7937-33a5-4011-a802-254c6b41cb95', '56166a0e-18ae-4ebd-87b3-3454412800f5', 'SUV', 'innova', NULL, 5, 0, '[]'::jsonb, 0, TRUE, 2, '2025-10-27T15:56:07.725375+00:00', '2025-10-27T15:56:07.725375+00:00', TRUE);
INSERT INTO transfer_package_vehicles (id, package_id, vehicle_type, name, description, passenger_capacity, luggage_capacity, features, base_price, is_active, display_order, created_at, updated_at, has_image) VALUES ('171a7224-0553-477c-9c97-60c05630c4da', '56166a0e-18ae-4ebd-87b3-3454412800f5', 'VAN', 'tempo traveller', NULL, 8, 0, '[]'::jsonb, 0, TRUE, 3, '2025-10-27T15:56:07.725375+00:00', '2025-10-27T15:56:07.725375+00:00', TRUE);

-- Table: transfer_hourly_pricing (7 rows)
INSERT INTO transfer_hourly_pricing (id, package_id, hours, vehicle_type, vehicle_name, max_passengers, rate_usd, description, features, is_active, display_order, created_at, updated_at) VALUES ('bcf36363-acd3-4947-8206-9741f198e1a6', '76f102ea-95c2-41c4-b154-9aeb9bc99bbd', 1, 'SUV', 'Innova', 5, 50, NULL, '[]'::jsonb, TRUE, 0, '2025-10-26T04:18:07.258614+00:00', '2025-10-26T04:18:07.258614+00:00');
INSERT INTO transfer_hourly_pricing (id, package_id, hours, vehicle_type, vehicle_name, max_passengers, rate_usd, description, features, is_active, display_order, created_at, updated_at) VALUES ('25168d53-eed8-4db7-bc51-becf3deadf45', '76f102ea-95c2-41c4-b154-9aeb9bc99bbd', 6, 'SUV', 'Innova', 5, 40, NULL, '[]'::jsonb, TRUE, 1, '2025-10-26T04:18:07.258614+00:00', '2025-10-26T04:18:07.258614+00:00');
INSERT INTO transfer_hourly_pricing (id, package_id, hours, vehicle_type, vehicle_name, max_passengers, rate_usd, description, features, is_active, display_order, created_at, updated_at) VALUES ('2040c0bb-4e7a-49af-a515-e0c8f31d1dd3', '76f102ea-95c2-41c4-b154-9aeb9bc99bbd', 10, 'SUV', 'Innova', 5, 38, NULL, '[]'::jsonb, TRUE, 2, '2025-10-26T04:18:07.258614+00:00', '2025-10-26T04:18:07.258614+00:00');
INSERT INTO transfer_hourly_pricing (id, package_id, hours, vehicle_type, vehicle_name, max_passengers, rate_usd, description, features, is_active, display_order, created_at, updated_at) VALUES ('402070a9-c709-4a52-8a52-51f87c7375be', '76f102ea-95c2-41c4-b154-9aeb9bc99bbd', 6, 'SEDAN', 'Swift Dzire', 3, 30, NULL, '[]'::jsonb, TRUE, 3, '2025-10-26T04:18:07.258614+00:00', '2025-10-26T04:18:07.258614+00:00');
INSERT INTO transfer_hourly_pricing (id, package_id, hours, vehicle_type, vehicle_name, max_passengers, rate_usd, description, features, is_active, display_order, created_at, updated_at) VALUES ('0143356b-ed83-4f30-b94b-706ff1c570d5', '61d4c1f7-242c-4822-a123-4810a20679ad', 10, 'SEDAN', 'Dzire', 3, 50, NULL, '[]'::jsonb, TRUE, 0, '2025-10-27T02:46:37.789285+00:00', '2025-10-27T02:46:37.789285+00:00');
INSERT INTO transfer_hourly_pricing (id, package_id, hours, vehicle_type, vehicle_name, max_passengers, rate_usd, description, features, is_active, display_order, created_at, updated_at) VALUES ('ba34bdf0-7a54-4d2f-a36f-bbd69dfb8d5c', '56166a0e-18ae-4ebd-87b3-3454412800f5', 10, 'SEDAN', 'dzire', 3, 20, NULL, '[]'::jsonb, TRUE, 0, '2025-10-27T15:56:07.930996+00:00', '2025-10-27T15:56:07.930996+00:00');
INSERT INTO transfer_hourly_pricing (id, package_id, hours, vehicle_type, vehicle_name, max_passengers, rate_usd, description, features, is_active, display_order, created_at, updated_at) VALUES ('f7971b10-ed8c-40b8-8b4d-4a240d96a514', '56166a0e-18ae-4ebd-87b3-3454412800f5', 16, 'SUV', 'innova', 5, 50, NULL, '[]'::jsonb, TRUE, 1, '2025-10-27T15:56:07.930996+00:00', '2025-10-27T15:56:07.930996+00:00');

-- Table: transfer_point_to_point_pricing (3 rows)
INSERT INTO transfer_point_to_point_pricing (id, package_id, from_location, from_address, from_coordinates, to_location, to_address, to_coordinates, distance, distance_unit, estimated_duration_minutes, vehicle_type, vehicle_name, max_passengers, cost_usd, description, features, is_active, display_order, created_at, updated_at) VALUES ('0fc4f269-2702-4ffc-b50a-5729dbae933c', '6cb9fee0-9f54-4c19-a0a4-e67a88f5f446', 'BALI', NULL, NULL, 'BALI', NULL, NULL, NULL, 'KM', NULL, 'VAN', 'Toyota HiAce Premio', 8, 80, NULL, '[]'::jsonb, TRUE, 0, '2025-11-13T11:06:55.183517+00:00', '2025-11-13T11:06:55.183517+00:00');
INSERT INTO transfer_point_to_point_pricing (id, package_id, from_location, from_address, from_coordinates, to_location, to_address, to_coordinates, distance, distance_unit, estimated_duration_minutes, vehicle_type, vehicle_name, max_passengers, cost_usd, description, features, is_active, display_order, created_at, updated_at) VALUES ('355fe784-d8e4-4bb7-9213-1f30c14e3832', '5070ed8e-91b5-4202-9904-87b6236e5ff8', 'BALI', NULL, NULL, 'BALI', NULL, NULL, NULL, 'KM', NULL, 'VAN', 'Toyota HiAce Premio', 8, 80, NULL, '[]'::jsonb, TRUE, 0, '2025-11-13T11:07:12.821589+00:00', '2025-11-13T11:07:12.821589+00:00');
INSERT INTO transfer_point_to_point_pricing (id, package_id, from_location, from_address, from_coordinates, to_location, to_address, to_coordinates, distance, distance_unit, estimated_duration_minutes, vehicle_type, vehicle_name, max_passengers, cost_usd, description, features, is_active, display_order, created_at, updated_at) VALUES ('87acea3c-0e59-4255-ac4a-4a7870abc048', 'bede032e-7018-4654-920a-6f2e7e52346e', 'BALI', NULL, NULL, 'BALI', NULL, NULL, NULL, 'KM', NULL, 'VAN', 'Toyota HiAce Premio', 8, 80, NULL, '[]'::jsonb, TRUE, 0, '2025-11-13T11:07:15.425397+00:00', '2025-11-13T11:07:15.425397+00:00');

-- Table: multi_city_packages (14 rows)
INSERT INTO multi_city_packages (id, operator_id, title, short_description, full_description, destination_region, include_intercity_transport, pricing_mode, fixed_price, per_person_price, group_min, group_max, currency, validity_start, validity_end, seasonal_notes, deposit_percent, balance_due_days, payment_methods, visa_requirements, insurance_requirement, health_requirements, terms_and_conditions, total_nights, total_days, total_cities, base_price, status, published_at, created_at, updated_at, package_validity_date) VALUES ('9a6c61db-d638-4122-a3ff-5d6a28bf4074', '0afbb77a-e2fa-4de8-8a24-2ed473ab7c2c', 'Southern Vietnam ', 'trip to southern Vietnam which includes Ho Chi Minh and phu quoc', NULL, 'Southeast ', FALSE, 'FIXED', NULL, NULL, NULL, NULL, 'USD', NULL, NULL, NULL, 0, 7, '[]'::jsonb, NULL, 'OPTIONAL', NULL, NULL, 4, 5, 2, 0, 'published', '2025-11-13T12:43:20.59+00:00', '2025-11-13T12:43:06.305073+00:00', '2025-11-13T12:43:06.599313+00:00', NULL);
INSERT INTO multi_city_packages (id, operator_id, title, short_description, full_description, destination_region, include_intercity_transport, pricing_mode, fixed_price, per_person_price, group_min, group_max, currency, validity_start, validity_end, seasonal_notes, deposit_percent, balance_due_days, payment_methods, visa_requirements, insurance_requirement, health_requirements, terms_and_conditions, total_nights, total_days, total_cities, base_price, status, published_at, created_at, updated_at, package_validity_date) VALUES ('d1f5bcce-73b0-44b7-acb7-f4491e21107e', '0afbb77a-e2fa-4de8-8a24-2ed473ab7c2c', 'Southern Vietnam ', 'trip to southern Vietnam which includes Ho Chi Minh and phu quoc', NULL, 'Southeast ', FALSE, 'FIXED', NULL, NULL, NULL, NULL, 'USD', NULL, NULL, NULL, 0, 7, '[]'::jsonb, NULL, 'OPTIONAL', NULL, NULL, 4, 5, 2, 0, 'published', '2025-11-13T12:43:20.59+00:00', '2025-11-13T12:43:06.305116+00:00', '2025-11-13T12:43:06.559445+00:00', NULL);
INSERT INTO multi_city_packages (id, operator_id, title, short_description, full_description, destination_region, include_intercity_transport, pricing_mode, fixed_price, per_person_price, group_min, group_max, currency, validity_start, validity_end, seasonal_notes, deposit_percent, balance_due_days, payment_methods, visa_requirements, insurance_requirement, health_requirements, terms_and_conditions, total_nights, total_days, total_cities, base_price, status, published_at, created_at, updated_at, package_validity_date) VALUES ('f6a91c78-a2b1-4a8b-8a95-f21de990dd7c', '0afbb77a-e2fa-4de8-8a24-2ed473ab7c2c', 'Honemoon Package', 'Experience romance in paradise with our Bali Honeymoon Package — a perfect blend of luxury, relaxation, and adventure. Enjoy private pool villas, candlelight dinners, scenic tours, spa treatments, and stunning beaches. Celebrate your love amidst Bali’s breathtaking landscapes and warm tropical charm.', NULL, 'Bali', FALSE, 'FIXED', NULL, NULL, NULL, NULL, 'USD', NULL, NULL, NULL, 0, 7, '[]'::jsonb, NULL, 'OPTIONAL', NULL, NULL, 0, 0, 0, 0, 'draft', NULL, '2025-11-13T13:39:15.46997+00:00', '2025-11-13T13:39:15.46997+00:00', '2025-12-31');
INSERT INTO multi_city_packages (id, operator_id, title, short_description, full_description, destination_region, include_intercity_transport, pricing_mode, fixed_price, per_person_price, group_min, group_max, currency, validity_start, validity_end, seasonal_notes, deposit_percent, balance_due_days, payment_methods, visa_requirements, insurance_requirement, health_requirements, terms_and_conditions, total_nights, total_days, total_cities, base_price, status, published_at, created_at, updated_at, package_validity_date) VALUES ('79113014-0fce-4e9c-a274-2691742f65b7', 'df946aac-f0da-43bd-9830-25b9a6dbd0e9', 'Thailand Highlights: Phuket & Bangkok Express', 'A perfect 4-night getaway combining beach relaxation in Phuket with cultural exploration in Bangkok.', 'This express tour takes you from the beautiful beaches of Phuket to the bustling streets of Bangkok. Perfect for travelers with limited time who want to experience both beach and city life.', 'Thailand', TRUE, 'PER_PERSON', NULL, 550, NULL, NULL, 'USD', NULL, NULL, NULL, 25, 7, '["Credit Card","Bank Transfer"]'::jsonb, 'Visa on arrival available', 'OPTIONAL', NULL, 'Standard cancellation policy applies.', 8, 9, 4, 550, 'published', '2025-11-15T11:51:24.065943+00:00', '2025-11-15T11:51:24.065943+00:00', '2025-11-15T12:03:44.133407+00:00', NULL);
INSERT INTO multi_city_packages (id, operator_id, title, short_description, full_description, destination_region, include_intercity_transport, pricing_mode, fixed_price, per_person_price, group_min, group_max, currency, validity_start, validity_end, seasonal_notes, deposit_percent, balance_due_days, payment_methods, visa_requirements, insurance_requirement, health_requirements, terms_and_conditions, total_nights, total_days, total_cities, base_price, status, published_at, created_at, updated_at, package_validity_date) VALUES ('f8f4897e-3784-4725-a837-4c77d320c7d5', 'df946aac-f0da-43bd-9830-25b9a6dbd0e9', 'Thailand Highlights: Phuket & Bangkok Express', 'A perfect 4-night getaway combining beach relaxation in Phuket with cultural exploration in Bangkok.', 'This express tour takes you from the beautiful beaches of Phuket to the bustling streets of Bangkok. Perfect for travelers with limited time who want to experience both beach and city life.', 'Thailand', TRUE, 'PER_PERSON', NULL, 550, NULL, NULL, 'USD', NULL, NULL, NULL, 25, 7, '["Credit Card","Bank Transfer"]'::jsonb, 'Visa on arrival available', 'OPTIONAL', NULL, 'Standard cancellation policy applies.', 4, 5, 2, 550, 'published', '2025-11-15T12:03:44.133407+00:00', '2025-11-15T12:03:44.133407+00:00', '2025-11-15T12:03:44.133407+00:00', NULL);
INSERT INTO multi_city_packages (id, operator_id, title, short_description, full_description, destination_region, include_intercity_transport, pricing_mode, fixed_price, per_person_price, group_min, group_max, currency, validity_start, validity_end, seasonal_notes, deposit_percent, balance_due_days, payment_methods, visa_requirements, insurance_requirement, health_requirements, terms_and_conditions, total_nights, total_days, total_cities, base_price, status, published_at, created_at, updated_at, package_validity_date) VALUES ('03bea6c0-d0a7-4241-b0fb-af44da182ebc', 'df946aac-f0da-43bd-9830-25b9a6dbd0e9', 'Bali Island Paradise: Ubud & Seminyak Experience', 'Discover the cultural heart and beach paradise of Bali in this 5-night multi-location tour.', 'Experience the best of both worlds in Bali - the cultural richness of Ubud with its rice terraces and temples, combined with the beach vibes of Seminyak. Perfect for those who want culture and relaxation.', 'Indonesia', TRUE, 'PER_PERSON', NULL, 750, NULL, NULL, 'USD', NULL, NULL, NULL, 30, 7, '["Credit Card","Bank Transfer"]'::jsonb, 'Visa on arrival available for most nationalities', 'OPTIONAL', NULL, 'Standard cancellation policy applies.', 10, 11, 4, 750, 'published', '2025-11-15T11:51:24.065943+00:00', '2025-11-15T11:51:24.065943+00:00', '2025-11-15T12:03:44.133407+00:00', NULL);
INSERT INTO multi_city_packages (id, operator_id, title, short_description, full_description, destination_region, include_intercity_transport, pricing_mode, fixed_price, per_person_price, group_min, group_max, currency, validity_start, validity_end, seasonal_notes, deposit_percent, balance_due_days, payment_methods, visa_requirements, insurance_requirement, health_requirements, terms_and_conditions, total_nights, total_days, total_cities, base_price, status, published_at, created_at, updated_at, package_validity_date) VALUES ('3c327b67-f33f-405b-abc1-a8fa21c55f71', 'df946aac-f0da-43bd-9830-25b9a6dbd0e9', 'Bali Island Paradise: Ubud & Seminyak Experience', 'Discover the cultural heart and beach paradise of Bali in this 5-night multi-location tour.', 'Experience the best of both worlds in Bali - the cultural richness of Ubud with its rice terraces and temples, combined with the beach vibes of Seminyak. Perfect for those who want culture and relaxation.', 'Indonesia', TRUE, 'PER_PERSON', NULL, 750, NULL, NULL, 'USD', NULL, NULL, NULL, 30, 7, '["Credit Card","Bank Transfer"]'::jsonb, 'Visa on arrival available for most nationalities', 'OPTIONAL', NULL, 'Standard cancellation policy applies.', 5, 6, 2, 750, 'published', '2025-11-15T12:03:44.133407+00:00', '2025-11-15T12:03:44.133407+00:00', '2025-11-15T12:03:44.133407+00:00', NULL);
INSERT INTO multi_city_packages (id, operator_id, title, short_description, full_description, destination_region, include_intercity_transport, pricing_mode, fixed_price, per_person_price, group_min, group_max, currency, validity_start, validity_end, seasonal_notes, deposit_percent, balance_due_days, payment_methods, visa_requirements, insurance_requirement, health_requirements, terms_and_conditions, total_nights, total_days, total_cities, base_price, status, published_at, created_at, updated_at, package_validity_date) VALUES ('d8d8a541-f88e-4890-9046-42d26df2f0d4', 'df946aac-f0da-43bd-9830-25b9a6dbd0e9', 'Thailand Paradise: Phuket, Krabi & Bangkok Adventure', 'Experience the best of Thailand with this 7-night multi-city tour covering stunning beaches, limestone cliffs, and vibrant city life.', 'Discover the beauty of Thailand on this comprehensive 7-night journey. Start in Phuket with its pristine beaches, move to Krabi for breathtaking limestone formations, and end in Bangkok for cultural immersion and shopping.', 'Thailand', TRUE, 'FIXED', NULL, NULL, NULL, NULL, 'USD', NULL, NULL, NULL, 30, 7, '["Credit Card","Bank Transfer"]'::jsonb, 'Visa on arrival available for most nationalities', 'OPTIONAL', 'No special health requirements', 'Standard cancellation policy applies. Prices subject to change based on availability.', 7, 8, 3, 850, 'published', '2025-11-16T05:46:09.745367+00:00', '2025-11-16T05:46:09.745367+00:00', '2025-11-16T05:46:09.745367+00:00', NULL);
INSERT INTO multi_city_packages (id, operator_id, title, short_description, full_description, destination_region, include_intercity_transport, pricing_mode, fixed_price, per_person_price, group_min, group_max, currency, validity_start, validity_end, seasonal_notes, deposit_percent, balance_due_days, payment_methods, visa_requirements, insurance_requirement, health_requirements, terms_and_conditions, total_nights, total_days, total_cities, base_price, status, published_at, created_at, updated_at, package_validity_date) VALUES ('6150eb3b-3d1a-4807-9e57-0360dbe8ddf0', '0afbb77a-e2fa-4de8-8a24-2ed473ab7c2c', 'Grand Indonesia - Test', 'test', NULL, 'Indonesia', FALSE, 'FIXED', NULL, NULL, NULL, NULL, 'USD', NULL, NULL, NULL, 0, 7, '[]'::jsonb, NULL, 'OPTIONAL', NULL, NULL, 7, 8, 3, 1200, 'published', '2025-11-16T10:53:14.788+00:00', '2025-11-16T10:53:13.637306+00:00', '2025-11-16T10:53:14.965239+00:00', '2025-12-31');
INSERT INTO multi_city_packages (id, operator_id, title, short_description, full_description, destination_region, include_intercity_transport, pricing_mode, fixed_price, per_person_price, group_min, group_max, currency, validity_start, validity_end, seasonal_notes, deposit_percent, balance_due_days, payment_methods, visa_requirements, insurance_requirement, health_requirements, terms_and_conditions, total_nights, total_days, total_cities, base_price, status, published_at, created_at, updated_at, package_validity_date) VALUES ('e1c0ed70-c351-4010-ac83-c4967b3a5753', 'df946aac-f0da-43bd-9830-25b9a6dbd0e9', 'Thailand Highlights: Phuket & Bangkok Express', 'A perfect 4-night getaway combining beach relaxation in Phuket with cultural exploration in Bangkok.', 'This express tour takes you from the beautiful beaches of Phuket to the bustling streets of Bangkok. Perfect for travelers with limited time who want to experience both beach and city life.', 'Thailand', TRUE, 'FIXED', NULL, NULL, NULL, NULL, 'USD', NULL, NULL, NULL, 30, 7, '["Credit Card","Bank Transfer"]'::jsonb, NULL, 'OPTIONAL', NULL, NULL, 4, 5, 2, 1200, 'published', '2025-11-16T05:46:09.745367+00:00', '2025-11-16T05:46:09.745367+00:00', '2025-11-16T05:46:09.745367+00:00', NULL);
INSERT INTO multi_city_packages (id, operator_id, title, short_description, full_description, destination_region, include_intercity_transport, pricing_mode, fixed_price, per_person_price, group_min, group_max, currency, validity_start, validity_end, seasonal_notes, deposit_percent, balance_due_days, payment_methods, visa_requirements, insurance_requirement, health_requirements, terms_and_conditions, total_nights, total_days, total_cities, base_price, status, published_at, created_at, updated_at, package_validity_date) VALUES ('73893a63-f704-4417-8a05-dc9f9ca70687', 'df946aac-f0da-43bd-9830-25b9a6dbd0e9', 'Bali Island Paradise: Ubud & Seminyak', 'Experience the cultural heart and beach paradise of Bali in this 5-night journey.', 'Discover the best of Bali with this 5-night tour. Start in Ubud for cultural immersion and rice terraces, then move to Seminyak for beach relaxation and vibrant nightlife.', 'Bali, Indonesia', TRUE, 'FIXED', NULL, NULL, NULL, NULL, 'USD', NULL, NULL, NULL, 30, 7, '["Credit Card","Bank Transfer"]'::jsonb, NULL, 'OPTIONAL', NULL, NULL, 5, 6, 2, 750, 'published', '2025-11-16T05:46:09.745367+00:00', '2025-11-16T05:46:09.745367+00:00', '2025-11-16T05:46:09.745367+00:00', NULL);
INSERT INTO multi_city_packages (id, operator_id, title, short_description, full_description, destination_region, include_intercity_transport, pricing_mode, fixed_price, per_person_price, group_min, group_max, currency, validity_start, validity_end, seasonal_notes, deposit_percent, balance_due_days, payment_methods, visa_requirements, insurance_requirement, health_requirements, terms_and_conditions, total_nights, total_days, total_cities, base_price, status, published_at, created_at, updated_at, package_validity_date) VALUES ('4807da1c-da20-41ba-9580-980f1a4e81cf', '0afbb77a-e2fa-4de8-8a24-2ed473ab7c2c', 'Grand Indonesia - Test', 'test', NULL, 'Indonesia', FALSE, 'FIXED', NULL, NULL, NULL, NULL, 'USD', NULL, NULL, NULL, 0, 7, '[]'::jsonb, NULL, 'OPTIONAL', NULL, NULL, 0, 0, 0, 1200, 'published', '2025-11-16T10:44:50.907+00:00', '2025-11-16T10:44:49.789259+00:00', '2025-11-16T10:44:49.789259+00:00', '2025-12-31');
INSERT INTO multi_city_packages (id, operator_id, title, short_description, full_description, destination_region, include_intercity_transport, pricing_mode, fixed_price, per_person_price, group_min, group_max, currency, validity_start, validity_end, seasonal_notes, deposit_percent, balance_due_days, payment_methods, visa_requirements, insurance_requirement, health_requirements, terms_and_conditions, total_nights, total_days, total_cities, base_price, status, published_at, created_at, updated_at, package_validity_date) VALUES ('112e9d98-9662-40d0-8b1d-35058b5a2937', '0afbb77a-e2fa-4de8-8a24-2ed473ab7c2c', 'Grand Indonesia - Test', 'test', NULL, 'Indonesia', FALSE, 'FIXED', NULL, NULL, NULL, NULL, 'USD', NULL, NULL, NULL, 0, 7, '[]'::jsonb, NULL, 'OPTIONAL', NULL, NULL, 0, 0, 0, 1200, 'published', '2025-11-16T10:46:38.392+00:00', '2025-11-16T10:46:37.250726+00:00', '2025-11-16T10:46:37.250726+00:00', '2025-12-31');
INSERT INTO multi_city_packages (id, operator_id, title, short_description, full_description, destination_region, include_intercity_transport, pricing_mode, fixed_price, per_person_price, group_min, group_max, currency, validity_start, validity_end, seasonal_notes, deposit_percent, balance_due_days, payment_methods, visa_requirements, insurance_requirement, health_requirements, terms_and_conditions, total_nights, total_days, total_cities, base_price, status, published_at, created_at, updated_at, package_validity_date) VALUES ('c8167d5a-6416-4f97-9bf5-0d7c94bc0377', '0afbb77a-e2fa-4de8-8a24-2ed473ab7c2c', 'Grand Indonesia - Test 3', 'test', NULL, 'Indonesia', FALSE, 'FIXED', NULL, NULL, NULL, NULL, 'USD', NULL, NULL, NULL, 0, 7, '[]'::jsonb, NULL, 'OPTIONAL', NULL, NULL, 7, 8, 3, 1200, 'published', '2025-11-16T12:02:44.518+00:00', '2025-11-16T12:02:44.558366+00:00', '2025-11-16T12:02:44.793357+00:00', '2025-12-31');

-- Table: multi_city_package_cities (25 rows)
INSERT INTO multi_city_package_cities (id, package_id, name, country, nights, highlights, activities_included, city_order, created_at) VALUES ('6567c32e-0b0f-4925-b575-2e512f2e895d', 'd1f5bcce-73b0-44b7-acb7-f4491e21107e', 'ho chi minh', 'vietnam ', 2, '[]'::jsonb, '[]'::jsonb, 1, '2025-11-13T12:43:06.559445+00:00');
INSERT INTO multi_city_package_cities (id, package_id, name, country, nights, highlights, activities_included, city_order, created_at) VALUES ('6f1a1949-c65e-493f-9c49-81339d66bae2', 'd1f5bcce-73b0-44b7-acb7-f4491e21107e', 'phu quoc', 'Vietnam ', 2, '[]'::jsonb, '["Boat Cruise","Food Tour"]'::jsonb, 2, '2025-11-13T12:43:06.559445+00:00');
INSERT INTO multi_city_package_cities (id, package_id, name, country, nights, highlights, activities_included, city_order, created_at) VALUES ('62124666-5967-4341-b4d7-5c770d06fda7', '9a6c61db-d638-4122-a3ff-5d6a28bf4074', 'phu quoc', 'Vietnam ', 2, '[]'::jsonb, '["Boat Cruise","Food Tour"]'::jsonb, 1, '2025-11-13T12:43:06.599313+00:00');
INSERT INTO multi_city_package_cities (id, package_id, name, country, nights, highlights, activities_included, city_order, created_at) VALUES ('e6a0f730-b6aa-4617-87d7-83970b6e138a', '9a6c61db-d638-4122-a3ff-5d6a28bf4074', 'ho chi minh', 'vietnam ', 2, '[]'::jsonb, '[]'::jsonb, 2, '2025-11-13T12:43:06.599313+00:00');
INSERT INTO multi_city_package_cities (id, package_id, name, country, nights, highlights, activities_included, city_order, created_at) VALUES ('fdd2d7d6-4e4d-4ef8-8760-e3504a2f835b', '79113014-0fce-4e9c-a274-2691742f65b7', 'Phuket', 'Thailand', 2, '["Patong Beach","Old Town"]'::jsonb, '["Beach activities","Cultural tours"]'::jsonb, 1, '2025-11-15T11:51:24.065943+00:00');
INSERT INTO multi_city_package_cities (id, package_id, name, country, nights, highlights, activities_included, city_order, created_at) VALUES ('3f3b1ce6-d15d-46d4-9ecb-c3118ef5f9a1', '79113014-0fce-4e9c-a274-2691742f65b7', 'Bangkok', 'Thailand', 2, '["Grand Palace","Floating Markets"]'::jsonb, '["City tours","Shopping"]'::jsonb, 2, '2025-11-15T11:51:24.065943+00:00');
INSERT INTO multi_city_package_cities (id, package_id, name, country, nights, highlights, activities_included, city_order, created_at) VALUES ('40879b27-41e0-4e9c-8b1b-5d50a0e1e42a', '03bea6c0-d0a7-4241-b0fb-af44da182ebc', 'Ubud', 'Indonesia', 3, '["Tegalalang Rice Terraces","Ubud Monkey Forest","Tegenungan Waterfall"]'::jsonb, '["Temple visits","Rice terrace tours","Cooking classes"]'::jsonb, 1, '2025-11-15T11:51:24.065943+00:00');
INSERT INTO multi_city_package_cities (id, package_id, name, country, nights, highlights, activities_included, city_order, created_at) VALUES ('1299592d-6223-4114-98b0-00cb36f0c821', '03bea6c0-d0a7-4241-b0fb-af44da182ebc', 'Seminyak', 'Indonesia', 2, '["Seminyak Beach","Potato Head Beach Club","Sunset views"]'::jsonb, '["Beach activities","Spa treatments","Beach clubs"]'::jsonb, 2, '2025-11-15T11:51:24.065943+00:00');
INSERT INTO multi_city_package_cities (id, package_id, name, country, nights, highlights, activities_included, city_order, created_at) VALUES ('dce81af2-3bfc-4e0d-90b5-75fcfa602a45', '79113014-0fce-4e9c-a274-2691742f65b7', 'Phuket', 'Thailand', 2, '["Patong Beach","Old Town"]'::jsonb, '["Beach activities","Cultural tours"]'::jsonb, 1, '2025-11-15T12:03:44.133407+00:00');
INSERT INTO multi_city_package_cities (id, package_id, name, country, nights, highlights, activities_included, city_order, created_at) VALUES ('29c35df7-46cf-4a7a-8cde-fb45e21ee5fc', '79113014-0fce-4e9c-a274-2691742f65b7', 'Bangkok', 'Thailand', 2, '["Grand Palace","Floating Markets"]'::jsonb, '["City tours","Shopping"]'::jsonb, 2, '2025-11-15T12:03:44.133407+00:00');
INSERT INTO multi_city_package_cities (id, package_id, name, country, nights, highlights, activities_included, city_order, created_at) VALUES ('86430a68-2882-4e24-9049-e2ee532a2910', '03bea6c0-d0a7-4241-b0fb-af44da182ebc', 'Ubud', 'Indonesia', 3, '["Tegalalang Rice Terraces","Ubud Monkey Forest","Tegenungan Waterfall"]'::jsonb, '["Temple visits","Rice terrace tours","Cooking classes"]'::jsonb, 1, '2025-11-15T12:03:44.133407+00:00');
INSERT INTO multi_city_package_cities (id, package_id, name, country, nights, highlights, activities_included, city_order, created_at) VALUES ('f704919d-8ce2-478e-97d4-c4857c80ae32', '03bea6c0-d0a7-4241-b0fb-af44da182ebc', 'Seminyak', 'Indonesia', 2, '["Seminyak Beach","Potato Head Beach Club","Sunset views"]'::jsonb, '["Beach activities","Spa treatments","Beach clubs"]'::jsonb, 2, '2025-11-15T12:03:44.133407+00:00');
INSERT INTO multi_city_package_cities (id, package_id, name, country, nights, highlights, activities_included, city_order, created_at) VALUES ('a8e18703-e222-4b92-aaf4-be2eb1ea84a9', '6150eb3b-3d1a-4807-9e57-0360dbe8ddf0', 'Ubud', 'Indonesia', 2, '[]'::jsonb, '[]'::jsonb, 1, '2025-11-16T10:53:14.965239+00:00');
INSERT INTO multi_city_package_cities (id, package_id, name, country, nights, highlights, activities_included, city_order, created_at) VALUES ('5f927a58-af8a-4538-88b6-53983101aa20', 'd8d8a541-f88e-4890-9046-42d26df2f0d4', 'Phuket', 'Thailand', 2, '["Patong Beach","Big Buddha","Phi Phi Islands"]'::jsonb, '["Beach activities","Island hopping","Temple visits"]'::jsonb, 1, '2025-11-16T05:46:09.745367+00:00');
INSERT INTO multi_city_package_cities (id, package_id, name, country, nights, highlights, activities_included, city_order, created_at) VALUES ('6d1fa216-1929-43dd-9983-165813efb6c4', 'd8d8a541-f88e-4890-9046-42d26df2f0d4', 'Krabi', 'Thailand', 2, '["Railay Beach","Ao Nang","Emerald Pool"]'::jsonb, '["Rock climbing","Kayaking","Hot springs"]'::jsonb, 2, '2025-11-16T05:46:09.745367+00:00');
INSERT INTO multi_city_package_cities (id, package_id, name, country, nights, highlights, activities_included, city_order, created_at) VALUES ('855d72bf-e131-4ac4-bef5-07b8b78c3a03', 'd8d8a541-f88e-4890-9046-42d26df2f0d4', 'Bangkok', 'Thailand', 3, '["Grand Palace","Wat Pho","Chatuchak Market"]'::jsonb, '["City tours","Shopping","River cruises"]'::jsonb, 3, '2025-11-16T05:46:09.745367+00:00');
INSERT INTO multi_city_package_cities (id, package_id, name, country, nights, highlights, activities_included, city_order, created_at) VALUES ('4e861d2f-4656-4221-b773-b21c27e1b35c', 'e1c0ed70-c351-4010-ac83-c4967b3a5753', 'Phuket', 'Thailand', 2, '["Patong Beach","Big Buddha"]'::jsonb, '["Beach activities","Temple visits"]'::jsonb, 1, '2025-11-16T05:46:09.745367+00:00');
INSERT INTO multi_city_package_cities (id, package_id, name, country, nights, highlights, activities_included, city_order, created_at) VALUES ('d659a4d6-d6bc-4f52-9946-c43264957272', 'e1c0ed70-c351-4010-ac83-c4967b3a5753', 'Bangkok', 'Thailand', 2, '["Grand Palace","Wat Pho"]'::jsonb, '["City tours","Shopping"]'::jsonb, 2, '2025-11-16T05:46:09.745367+00:00');
INSERT INTO multi_city_package_cities (id, package_id, name, country, nights, highlights, activities_included, city_order, created_at) VALUES ('52d2f1fc-7826-48ff-91c8-077d971627ce', '73893a63-f704-4417-8a05-dc9f9ca70687', 'Ubud', 'Indonesia', 3, '["Tegalalang Rice Terraces","Monkey Forest","Ubud Market"]'::jsonb, '["Cultural tours","Rice terrace visits","Temple tours"]'::jsonb, 1, '2025-11-16T05:46:09.745367+00:00');
INSERT INTO multi_city_package_cities (id, package_id, name, country, nights, highlights, activities_included, city_order, created_at) VALUES ('0ae537a7-ae79-4b95-881d-b22b6cd80692', '73893a63-f704-4417-8a05-dc9f9ca70687', 'Seminyak', 'Indonesia', 2, '["Seminyak Beach","Potato Head Beach Club","Sunset Point"]'::jsonb, '["Beach activities","Water sports","Nightlife"]'::jsonb, 2, '2025-11-16T05:46:09.745367+00:00');
INSERT INTO multi_city_package_cities (id, package_id, name, country, nights, highlights, activities_included, city_order, created_at) VALUES ('fa5af768-07d6-40e0-97d3-7c146ed56b7e', '6150eb3b-3d1a-4807-9e57-0360dbe8ddf0', 'Lombok', 'Indonesia', 3, '[]'::jsonb, '[]'::jsonb, 2, '2025-11-16T10:53:14.965239+00:00');
INSERT INTO multi_city_package_cities (id, package_id, name, country, nights, highlights, activities_included, city_order, created_at) VALUES ('e26529f5-3ffd-460e-8022-ab10984a727d', '6150eb3b-3d1a-4807-9e57-0360dbe8ddf0', 'Legion', 'Indonesia', 2, '[]'::jsonb, '[]'::jsonb, 3, '2025-11-16T10:53:14.965239+00:00');
INSERT INTO multi_city_package_cities (id, package_id, name, country, nights, highlights, activities_included, city_order, created_at) VALUES ('20c70f98-d30a-47b1-a69b-6f516de870e1', 'c8167d5a-6416-4f97-9bf5-0d7c94bc0377', 'Ubud', NULL, 2, '[]'::jsonb, '[]'::jsonb, 1, '2025-11-16T12:02:44.793357+00:00');
INSERT INTO multi_city_package_cities (id, package_id, name, country, nights, highlights, activities_included, city_order, created_at) VALUES ('d0b9957f-5ada-47a8-8db3-da9b8b286fb1', 'c8167d5a-6416-4f97-9bf5-0d7c94bc0377', 'Lombok', NULL, 3, '[]'::jsonb, '[]'::jsonb, 2, '2025-11-16T12:02:44.793357+00:00');
INSERT INTO multi_city_package_cities (id, package_id, name, country, nights, highlights, activities_included, city_order, created_at) VALUES ('8438d6ec-8451-4ac4-9c00-02e982c2d40f', 'c8167d5a-6416-4f97-9bf5-0d7c94bc0377', 'Legion', NULL, 2, '[]'::jsonb, '[]'::jsonb, 3, '2025-11-16T12:02:44.793357+00:00');

-- Table: multi_city_package_images (7 rows)
INSERT INTO multi_city_package_images (id, package_id, file_name, storage_path, public_url, file_size, mime_type, is_cover, is_featured, display_order, created_at) VALUES ('88efe5e2-c319-4510-afcc-36f78ff7544d', '79113014-0fce-4e9c-a274-2691742f65b7', 'thailand-express-cover.jpg', 'packages/thailand-express-cover.jpg', 'https://images.unsplash.com/photo-1528181304800-259b08848526?w=800', NULL, NULL, TRUE, FALSE, 0, '2025-11-15T11:51:24.065943+00:00');
INSERT INTO multi_city_package_images (id, package_id, file_name, storage_path, public_url, file_size, mime_type, is_cover, is_featured, display_order, created_at) VALUES ('3233d406-b8aa-43a5-b061-2a83d234f0a7', '03bea6c0-d0a7-4241-b0fb-af44da182ebc', 'bali-paradise-cover.jpg', 'packages/bali-paradise-cover.jpg', 'https://images.unsplash.com/photo-1518548419970-58e3b4079ab2?w=800', NULL, NULL, TRUE, FALSE, 0, '2025-11-15T11:51:24.065943+00:00');
INSERT INTO multi_city_package_images (id, package_id, file_name, storage_path, public_url, file_size, mime_type, is_cover, is_featured, display_order, created_at) VALUES ('dc9f3d1b-c8a2-4ccd-80e7-9699a862cf07', '79113014-0fce-4e9c-a274-2691742f65b7', 'thailand-express-cover.jpg', 'packages/thailand-express-cover.jpg', 'https://images.unsplash.com/photo-1528181304800-259b08848526?w=800', NULL, NULL, TRUE, FALSE, 0, '2025-11-15T12:03:44.133407+00:00');
INSERT INTO multi_city_package_images (id, package_id, file_name, storage_path, public_url, file_size, mime_type, is_cover, is_featured, display_order, created_at) VALUES ('cab9bc9d-b052-40f5-ad1b-010330e7e572', '03bea6c0-d0a7-4241-b0fb-af44da182ebc', 'bali-paradise-cover.jpg', 'packages/bali-paradise-cover.jpg', 'https://images.unsplash.com/photo-1518548419970-58e3b4079ab2?w=800', NULL, NULL, TRUE, FALSE, 0, '2025-11-15T12:03:44.133407+00:00');
INSERT INTO multi_city_package_images (id, package_id, file_name, storage_path, public_url, file_size, mime_type, is_cover, is_featured, display_order, created_at) VALUES ('ec614472-fb9d-4155-874c-ce7020fa5576', 'd8d8a541-f88e-4890-9046-42d26df2f0d4', 'thailand-paradise-cover.jpg', 'packages/thailand-paradise-cover.jpg', 'https://images.unsplash.com/photo-1552465011-b4e21bf6e79a?w=800', NULL, NULL, TRUE, FALSE, 0, '2025-11-16T05:46:09.745367+00:00');
INSERT INTO multi_city_package_images (id, package_id, file_name, storage_path, public_url, file_size, mime_type, is_cover, is_featured, display_order, created_at) VALUES ('3a9c4e1c-1009-4d1c-b7aa-abdb1fdde315', 'e1c0ed70-c351-4010-ac83-c4967b3a5753', 'thailand-highlights-cover.jpg', 'packages/thailand-highlights-cover.jpg', 'https://images.unsplash.com/photo-1528181304800-259b08848526?w=800', NULL, NULL, TRUE, FALSE, 0, '2025-11-16T05:46:09.745367+00:00');
INSERT INTO multi_city_package_images (id, package_id, file_name, storage_path, public_url, file_size, mime_type, is_cover, is_featured, display_order, created_at) VALUES ('dbe667e2-a80e-4f63-a53c-4a6d68a043c8', '73893a63-f704-4417-8a05-dc9f9ca70687', 'bali-paradise-cover.jpg', 'packages/bali-paradise-cover.jpg', 'https://images.unsplash.com/photo-1537996194471-e657df975ab4?w=800', NULL, NULL, TRUE, FALSE, 0, '2025-11-16T05:46:09.745367+00:00');

-- Table: multi_city_package_inclusions (16 rows)
INSERT INTO multi_city_package_inclusions (id, package_id, category, text, display_order, created_at) VALUES ('6affb0a9-4d0f-4a5c-b562-74f236f14b3a', '79113014-0fce-4e9c-a274-2691742f65b7', 'Transport', 'Intercity Transportation', 1, '2025-11-15T12:03:44.133407+00:00');
INSERT INTO multi_city_package_inclusions (id, package_id, category, text, display_order, created_at) VALUES ('114a07e9-ab39-42d9-a2a2-d1d35566c510', '79113014-0fce-4e9c-a274-2691742f65b7', 'Meals', 'Daily Breakfast', 2, '2025-11-15T12:03:44.133407+00:00');
INSERT INTO multi_city_package_inclusions (id, package_id, category, text, display_order, created_at) VALUES ('08256445-60e8-492c-b751-5200aff787fa', '79113014-0fce-4e9c-a274-2691742f65b7', 'Activities', 'City Tours', 3, '2025-11-15T12:03:44.133407+00:00');
INSERT INTO multi_city_package_inclusions (id, package_id, category, text, display_order, created_at) VALUES ('9b39e39c-c593-4d4d-a280-ef2686a72e14', '03bea6c0-d0a7-4241-b0fb-af44da182ebc', 'Transport', 'Intercity Transportation', 1, '2025-11-15T12:03:44.133407+00:00');
INSERT INTO multi_city_package_inclusions (id, package_id, category, text, display_order, created_at) VALUES ('f6172584-5186-4e5c-84b0-84a44e547857', '03bea6c0-d0a7-4241-b0fb-af44da182ebc', 'Meals', 'Daily Breakfast', 2, '2025-11-15T12:03:44.133407+00:00');
INSERT INTO multi_city_package_inclusions (id, package_id, category, text, display_order, created_at) VALUES ('85695761-2266-4260-9e07-95334754b8a6', '03bea6c0-d0a7-4241-b0fb-af44da182ebc', 'Activities', 'Temple Visits', 3, '2025-11-15T12:03:44.133407+00:00');
INSERT INTO multi_city_package_inclusions (id, package_id, category, text, display_order, created_at) VALUES ('3aba5d1e-b37e-4e55-9f90-afbfea534bf6', '03bea6c0-d0a7-4241-b0fb-af44da182ebc', 'Activities', 'Rice Terrace Tours', 4, '2025-11-15T12:03:44.133407+00:00');
INSERT INTO multi_city_package_inclusions (id, package_id, category, text, display_order, created_at) VALUES ('87aaab81-1741-470e-a7a1-e3ae0bbc1082', 'd8d8a541-f88e-4890-9046-42d26df2f0d4', 'Transport', 'Intercity Transportation', 1, '2025-11-16T05:46:09.745367+00:00');
INSERT INTO multi_city_package_inclusions (id, package_id, category, text, display_order, created_at) VALUES ('dac0af94-1ff7-4e60-9e71-ff9cd91c29a2', 'd8d8a541-f88e-4890-9046-42d26df2f0d4', 'Meals', 'Daily Breakfast', 2, '2025-11-16T05:46:09.745367+00:00');
INSERT INTO multi_city_package_inclusions (id, package_id, category, text, display_order, created_at) VALUES ('a91cd5b8-e658-4ee3-a354-363a86abba3c', 'd8d8a541-f88e-4890-9046-42d26df2f0d4', 'Activities', 'City Tours', 3, '2025-11-16T05:46:09.745367+00:00');
INSERT INTO multi_city_package_inclusions (id, package_id, category, text, display_order, created_at) VALUES ('51ac7343-283b-49e1-9fe1-a44c160ec3d6', 'd8d8a541-f88e-4890-9046-42d26df2f0d4', 'Entry Fees', 'Entry Fees to Attractions', 4, '2025-11-16T05:46:09.745367+00:00');
INSERT INTO multi_city_package_inclusions (id, package_id, category, text, display_order, created_at) VALUES ('1bd1386f-5be5-4c05-a056-8e172c63ba29', 'e1c0ed70-c351-4010-ac83-c4967b3a5753', 'Transport', 'Private Vehicle Transportation', 1, '2025-11-16T05:46:09.745367+00:00');
INSERT INTO multi_city_package_inclusions (id, package_id, category, text, display_order, created_at) VALUES ('b5089816-9534-4b81-afc4-a57921e94bbf', 'e1c0ed70-c351-4010-ac83-c4967b3a5753', 'Meals', 'Daily Breakfast', 2, '2025-11-16T05:46:09.745367+00:00');
INSERT INTO multi_city_package_inclusions (id, package_id, category, text, display_order, created_at) VALUES ('a6cdb377-9022-40da-9fff-16d11a800474', '73893a63-f704-4417-8a05-dc9f9ca70687', 'Transport', 'Intercity Transportation', 1, '2025-11-16T05:46:09.745367+00:00');
INSERT INTO multi_city_package_inclusions (id, package_id, category, text, display_order, created_at) VALUES ('175405ce-6ff1-486a-8a33-0ed1067e4429', '73893a63-f704-4417-8a05-dc9f9ca70687', 'Meals', 'Daily Breakfast', 2, '2025-11-16T05:46:09.745367+00:00');
INSERT INTO multi_city_package_inclusions (id, package_id, category, text, display_order, created_at) VALUES ('4905e2d3-c11f-4ae1-a08a-2328ccb91e57', '73893a63-f704-4417-8a05-dc9f9ca70687', 'Activities', 'Cultural Tours', 3, '2025-11-16T05:46:09.745367+00:00');

-- Table: multi_city_package_exclusions (15 rows)
INSERT INTO multi_city_package_exclusions (id, package_id, text, display_order, created_at) VALUES ('04feb92c-5447-4fa5-afc8-be1869267092', '79113014-0fce-4e9c-a274-2691742f65b7', 'International Flights', 1, '2025-11-15T12:03:44.133407+00:00');
INSERT INTO multi_city_package_exclusions (id, package_id, text, display_order, created_at) VALUES ('d1cf4a15-6d5a-44fd-984b-795504982582', '79113014-0fce-4e9c-a274-2691742f65b7', 'Personal Expenses', 2, '2025-11-15T12:03:44.133407+00:00');
INSERT INTO multi_city_package_exclusions (id, package_id, text, display_order, created_at) VALUES ('2cbc8b1e-3d96-45b3-9f40-7f18413f94cd', '79113014-0fce-4e9c-a274-2691742f65b7', 'Travel Insurance', 3, '2025-11-15T12:03:44.133407+00:00');
INSERT INTO multi_city_package_exclusions (id, package_id, text, display_order, created_at) VALUES ('c68dd072-f599-4d95-afc3-5df50221caab', '03bea6c0-d0a7-4241-b0fb-af44da182ebc', 'International Flights', 1, '2025-11-15T12:03:44.133407+00:00');
INSERT INTO multi_city_package_exclusions (id, package_id, text, display_order, created_at) VALUES ('0a89c570-9a3a-470c-9b4d-51534745b949', '03bea6c0-d0a7-4241-b0fb-af44da182ebc', 'Personal Expenses', 2, '2025-11-15T12:03:44.133407+00:00');
INSERT INTO multi_city_package_exclusions (id, package_id, text, display_order, created_at) VALUES ('1d24cd2e-94be-4dc7-9070-729a73f4e77d', '03bea6c0-d0a7-4241-b0fb-af44da182ebc', 'Tips and Gratuities', 3, '2025-11-15T12:03:44.133407+00:00');
INSERT INTO multi_city_package_exclusions (id, package_id, text, display_order, created_at) VALUES ('f76fc9a7-3699-439f-92eb-33b75f6ff092', '03bea6c0-d0a7-4241-b0fb-af44da182ebc', 'Travel Insurance', 4, '2025-11-15T12:03:44.133407+00:00');
INSERT INTO multi_city_package_exclusions (id, package_id, text, display_order, created_at) VALUES ('536e7483-47b1-467c-86c0-76dc060bdd51', 'd8d8a541-f88e-4890-9046-42d26df2f0d4', 'International Flights', 1, '2025-11-16T05:46:09.745367+00:00');
INSERT INTO multi_city_package_exclusions (id, package_id, text, display_order, created_at) VALUES ('5957223b-fae5-44df-9149-1b4be26614c6', 'd8d8a541-f88e-4890-9046-42d26df2f0d4', 'Personal Expenses', 2, '2025-11-16T05:46:09.745367+00:00');
INSERT INTO multi_city_package_exclusions (id, package_id, text, display_order, created_at) VALUES ('5a591d2f-5106-4467-97e4-6f25b7f7ac92', 'd8d8a541-f88e-4890-9046-42d26df2f0d4', 'Tips and Gratuities', 3, '2025-11-16T05:46:09.745367+00:00');
INSERT INTO multi_city_package_exclusions (id, package_id, text, display_order, created_at) VALUES ('46964ad3-e740-4e96-bc44-3efeb903e4f5', 'd8d8a541-f88e-4890-9046-42d26df2f0d4', 'Travel Insurance', 4, '2025-11-16T05:46:09.745367+00:00');
INSERT INTO multi_city_package_exclusions (id, package_id, text, display_order, created_at) VALUES ('e61cb2d7-404f-4363-824e-5341573a138d', 'e1c0ed70-c351-4010-ac83-c4967b3a5753', 'International Flights', 1, '2025-11-16T05:46:09.745367+00:00');
INSERT INTO multi_city_package_exclusions (id, package_id, text, display_order, created_at) VALUES ('15b4b776-355f-4bdd-8313-46a0556f18b1', 'e1c0ed70-c351-4010-ac83-c4967b3a5753', 'Personal Expenses', 2, '2025-11-16T05:46:09.745367+00:00');
INSERT INTO multi_city_package_exclusions (id, package_id, text, display_order, created_at) VALUES ('f105bf52-a800-4144-821c-e17e7d2c8256', '73893a63-f704-4417-8a05-dc9f9ca70687', 'International Flights', 1, '2025-11-16T05:46:09.745367+00:00');
INSERT INTO multi_city_package_exclusions (id, package_id, text, display_order, created_at) VALUES ('dc3e4f7c-7d40-4062-951c-63f24509a7aa', '73893a63-f704-4417-8a05-dc9f9ca70687', 'Personal Expenses', 2, '2025-11-16T05:46:09.745367+00:00');

-- Table: multi_city_package_cancellation_tiers (10 rows)
INSERT INTO multi_city_package_cancellation_tiers (id, package_id, days_before, refund_percent, created_at) VALUES ('7ad41fea-6cf1-4abb-9c6d-ead56382bf5e', '79113014-0fce-4e9c-a274-2691742f65b7', 21, 100, '2025-11-15T12:03:44.133407+00:00');
INSERT INTO multi_city_package_cancellation_tiers (id, package_id, days_before, refund_percent, created_at) VALUES ('00a6e6f6-39ba-40c2-b178-ea99e07a6c20', '79113014-0fce-4e9c-a274-2691742f65b7', 14, 50, '2025-11-15T12:03:44.133407+00:00');
INSERT INTO multi_city_package_cancellation_tiers (id, package_id, days_before, refund_percent, created_at) VALUES ('73cfa979-bac9-4bdd-93c5-b592c3e23aba', '79113014-0fce-4e9c-a274-2691742f65b7', 0, 0, '2025-11-15T12:03:44.133407+00:00');
INSERT INTO multi_city_package_cancellation_tiers (id, package_id, days_before, refund_percent, created_at) VALUES ('79850245-8e38-425c-81bb-33206a52cb4f', '03bea6c0-d0a7-4241-b0fb-af44da182ebc', 30, 100, '2025-11-15T12:03:44.133407+00:00');
INSERT INTO multi_city_package_cancellation_tiers (id, package_id, days_before, refund_percent, created_at) VALUES ('49f264fd-ce2e-4f9c-804c-a55a461ad449', '03bea6c0-d0a7-4241-b0fb-af44da182ebc', 15, 50, '2025-11-15T12:03:44.133407+00:00');
INSERT INTO multi_city_package_cancellation_tiers (id, package_id, days_before, refund_percent, created_at) VALUES ('997dec1c-c9c0-450d-b858-3ee941b08ba8', '03bea6c0-d0a7-4241-b0fb-af44da182ebc', 0, 0, '2025-11-15T12:03:44.133407+00:00');
INSERT INTO multi_city_package_cancellation_tiers (id, package_id, days_before, refund_percent, created_at) VALUES ('5364ae2d-785a-433f-bf56-c2065fa6ebcd', 'd8d8a541-f88e-4890-9046-42d26df2f0d4', 30, 100, '2025-11-16T05:46:09.745367+00:00');
INSERT INTO multi_city_package_cancellation_tiers (id, package_id, days_before, refund_percent, created_at) VALUES ('c011d2b6-b538-4a11-81d1-6b37fb3e789b', 'd8d8a541-f88e-4890-9046-42d26df2f0d4', 15, 50, '2025-11-16T05:46:09.745367+00:00');
INSERT INTO multi_city_package_cancellation_tiers (id, package_id, days_before, refund_percent, created_at) VALUES ('f6f5af9f-b14d-4ecc-8472-34dd0c28dd50', 'd8d8a541-f88e-4890-9046-42d26df2f0d4', 7, 25, '2025-11-16T05:46:09.745367+00:00');
INSERT INTO multi_city_package_cancellation_tiers (id, package_id, days_before, refund_percent, created_at) VALUES ('3a731fbb-2aba-4994-b56d-35c11566ccc6', 'd8d8a541-f88e-4890-9046-42d26df2f0d4', 0, 0, '2025-11-16T05:46:09.745367+00:00');

-- Table: multi_city_pricing_packages (5 rows)
INSERT INTO multi_city_pricing_packages (id, package_id, pricing_type, package_name, description, adult_price, child_price, child_min_age, child_max_age, infant_price, infant_max_age, included_items, excluded_items, is_active, is_featured, display_order, created_at, updated_at, has_child_age_restriction) VALUES ('b1e5954a-2216-448d-9058-a706611b4ca3', 'd8d8a541-f88e-4890-9046-42d26df2f0d4', 'SIC', 'Thailand Paradise: Phuket, Krabi & Bangkok Adventure', NULL, NULL, NULL, 3, 12, NULL, NULL, NULL, NULL, TRUE, FALSE, 0, '2025-11-16T05:46:09.745367+00:00', '2025-11-16T05:46:09.745367+00:00', TRUE);
INSERT INTO multi_city_pricing_packages (id, package_id, pricing_type, package_name, description, adult_price, child_price, child_min_age, child_max_age, infant_price, infant_max_age, included_items, excluded_items, is_active, is_featured, display_order, created_at, updated_at, has_child_age_restriction) VALUES ('982c5138-04f3-4669-93ce-ead9ed89f332', 'e1c0ed70-c351-4010-ac83-c4967b3a5753', 'PRIVATE_PACKAGE', 'Thailand Highlights: Phuket & Bangkok Express', NULL, NULL, NULL, NULL, NULL, NULL, NULL, NULL, NULL, TRUE, FALSE, 0, '2025-11-16T05:46:09.745367+00:00', '2025-11-16T05:46:09.745367+00:00', FALSE);
INSERT INTO multi_city_pricing_packages (id, package_id, pricing_type, package_name, description, adult_price, child_price, child_min_age, child_max_age, infant_price, infant_max_age, included_items, excluded_items, is_active, is_featured, display_order, created_at, updated_at, has_child_age_restriction) VALUES ('ff43367d-26ab-41ea-b3c9-2ed568e63b98', '73893a63-f704-4417-8a05-dc9f9ca70687', 'SIC', 'Bali Island Paradise: Ubud & Seminyak', NULL, NULL, NULL, 3, 12, NULL, NULL, NULL, NULL, TRUE, FALSE, 0, '2025-11-16T05:46:09.745367+00:00', '2025-11-16T05:46:09.745367+00:00', TRUE);
INSERT INTO multi_city_pricing_packages (id, package_id, pricing_type, package_name, description, adult_price, child_price, child_min_age, child_max_age, infant_price, infant_max_age, included_items, excluded_items, is_active, is_featured, display_order, created_at, updated_at, has_child_age_restriction) VALUES ('8a46b04b-db1e-4ceb-a0ac-7dd152ca5f0e', '6150eb3b-3d1a-4807-9e57-0360dbe8ddf0', 'PRIVATE_PACKAGE', 'Grand Indonesia - Test', NULL, NULL, NULL, NULL, NULL, NULL, NULL, NULL, NULL, TRUE, FALSE, 0, '2025-11-16T10:53:13.771809+00:00', '2025-11-16T10:53:13.771809+00:00', FALSE);
INSERT INTO multi_city_pricing_packages (id, package_id, pricing_type, package_name, description, adult_price, child_price, child_min_age, child_max_age, infant_price, infant_max_age, included_items, excluded_items, is_active, is_featured, display_order, created_at, updated_at, has_child_age_restriction) VALUES ('24e9c2f8-f411-4d95-a543-0bd66b684de4', 'c8167d5a-6416-4f97-9bf5-0d7c94bc0377', 'PRIVATE_PACKAGE', 'Grand Indonesia - Test 3', NULL, NULL, NULL, NULL, NULL, NULL, NULL, NULL, NULL, TRUE, FALSE, 0, '2025-11-16T12:02:44.970331+00:00', '2025-11-16T12:02:44.970331+00:00', FALSE);

-- Table: multi_city_pricing_rows (10 rows)
INSERT INTO multi_city_pricing_rows (id, pricing_package_id, number_of_adults, number_of_children, total_price, display_order, created_at, updated_at) VALUES ('81a16dad-7f3c-4c1f-bcad-76338c5456e3', 'b1e5954a-2216-448d-9058-a706611b4ca3', 1, 0, 850, 1, '2025-11-16T05:46:09.745367+00:00', '2025-11-16T05:46:09.745367+00:00');
INSERT INTO multi_city_pricing_rows (id, pricing_package_id, number_of_adults, number_of_children, total_price, display_order, created_at, updated_at) VALUES ('8e1ec4f4-1512-4f5e-a658-db10ad81ecc0', 'b1e5954a-2216-448d-9058-a706611b4ca3', 2, 0, 1600, 2, '2025-11-16T05:46:09.745367+00:00', '2025-11-16T05:46:09.745367+00:00');
INSERT INTO multi_city_pricing_rows (id, pricing_package_id, number_of_adults, number_of_children, total_price, display_order, created_at, updated_at) VALUES ('53d1697b-f4a6-4d3c-98ac-63d69496fa81', 'b1e5954a-2216-448d-9058-a706611b4ca3', 2, 1, 2000, 3, '2025-11-16T05:46:09.745367+00:00', '2025-11-16T05:46:09.745367+00:00');
INSERT INTO multi_city_pricing_rows (id, pricing_package_id, number_of_adults, number_of_children, total_price, display_order, created_at, updated_at) VALUES ('518ebf06-2a45-48c8-bce1-618934e2f62a', 'b1e5954a-2216-448d-9058-a706611b4ca3', 2, 2, 2400, 4, '2025-11-16T05:46:09.745367+00:00', '2025-11-16T05:46:09.745367+00:00');
INSERT INTO multi_city_pricing_rows (id, pricing_package_id, number_of_adults, number_of_children, total_price, display_order, created_at, updated_at) VALUES ('2065e224-6dbd-4dbc-86fc-e14984397adc', 'b1e5954a-2216-448d-9058-a706611b4ca3', 4, 0, 3000, 5, '2025-11-16T05:46:09.745367+00:00', '2025-11-16T05:46:09.745367+00:00');
INSERT INTO multi_city_pricing_rows (id, pricing_package_id, number_of_adults, number_of_children, total_price, display_order, created_at, updated_at) VALUES ('c0def711-3eb3-47b8-b41a-1a07141c0eff', 'ff43367d-26ab-41ea-b3c9-2ed568e63b98', 1, 0, 750, 1, '2025-11-16T05:46:09.745367+00:00', '2025-11-16T05:46:09.745367+00:00');
INSERT INTO multi_city_pricing_rows (id, pricing_package_id, number_of_adults, number_of_children, total_price, display_order, created_at, updated_at) VALUES ('8658d543-70d2-4276-b5c5-267e66f7ecf1', 'ff43367d-26ab-41ea-b3c9-2ed568e63b98', 2, 0, 1400, 2, '2025-11-16T05:46:09.745367+00:00', '2025-11-16T05:46:09.745367+00:00');
INSERT INTO multi_city_pricing_rows (id, pricing_package_id, number_of_adults, number_of_children, total_price, display_order, created_at, updated_at) VALUES ('17d85bd5-e469-44d1-9d0c-50ca207826b7', 'ff43367d-26ab-41ea-b3c9-2ed568e63b98', 2, 1, 1750, 3, '2025-11-16T05:46:09.745367+00:00', '2025-11-16T05:46:09.745367+00:00');
INSERT INTO multi_city_pricing_rows (id, pricing_package_id, number_of_adults, number_of_children, total_price, display_order, created_at, updated_at) VALUES ('403aed34-868d-4f55-ab17-dbd12383ef35', 'ff43367d-26ab-41ea-b3c9-2ed568e63b98', 2, 2, 2100, 4, '2025-11-16T05:46:09.745367+00:00', '2025-11-16T05:46:09.745367+00:00');
INSERT INTO multi_city_pricing_rows (id, pricing_package_id, number_of_adults, number_of_children, total_price, display_order, created_at, updated_at) VALUES ('74aaa8ae-fb85-4ba6-8d83-db63d0fb80b3', 'ff43367d-26ab-41ea-b3c9-2ed568e63b98', 4, 0, 2600, 5, '2025-11-16T05:46:09.745367+00:00', '2025-11-16T05:46:09.745367+00:00');

-- Table: multi_city_private_package_rows (9 rows)
INSERT INTO multi_city_private_package_rows (id, pricing_package_id, number_of_adults, number_of_children, car_type, vehicle_capacity, total_price, display_order, created_at, updated_at) VALUES ('6a412709-b526-4fb5-b2cc-ade50ff3b090', '982c5138-04f3-4669-93ce-ead9ed89f332', 2, 0, 'Sedan', 4, 1200, 1, '2025-11-16T05:46:09.745367+00:00', '2025-11-16T05:46:09.745367+00:00');
INSERT INTO multi_city_private_package_rows (id, pricing_package_id, number_of_adults, number_of_children, car_type, vehicle_capacity, total_price, display_order, created_at, updated_at) VALUES ('8ff931d0-4640-4304-80a6-b7b7fac71321', '982c5138-04f3-4669-93ce-ead9ed89f332', 2, 1, 'Sedan', 4, 1400, 2, '2025-11-16T05:46:09.745367+00:00', '2025-11-16T05:46:09.745367+00:00');
INSERT INTO multi_city_private_package_rows (id, pricing_package_id, number_of_adults, number_of_children, car_type, vehicle_capacity, total_price, display_order, created_at, updated_at) VALUES ('24e77963-8571-489e-8e31-50fc96a52a9d', '982c5138-04f3-4669-93ce-ead9ed89f332', 2, 2, 'SUV', 6, 1600, 3, '2025-11-16T05:46:09.745367+00:00', '2025-11-16T05:46:09.745367+00:00');
INSERT INTO multi_city_private_package_rows (id, pricing_package_id, number_of_adults, number_of_children, car_type, vehicle_capacity, total_price, display_order, created_at, updated_at) VALUES ('4937cdc3-0df2-47a5-a702-2c44f19e1af3', '982c5138-04f3-4669-93ce-ead9ed89f332', 4, 0, 'SUV', 6, 2000, 4, '2025-11-16T05:46:09.745367+00:00', '2025-11-16T05:46:09.745367+00:00');
INSERT INTO multi_city_private_package_rows (id, pricing_package_id, number_of_adults, number_of_children, car_type, vehicle_capacity, total_price, display_order, created_at, updated_at) VALUES ('7f0dfc3a-a205-48ec-b54c-e5563f709862', '982c5138-04f3-4669-93ce-ead9ed89f332', 4, 2, 'Van', 8, 2400, 5, '2025-11-16T05:46:09.745367+00:00', '2025-11-16T05:46:09.745367+00:00');
INSERT INTO multi_city_private_package_rows (id, pricing_package_id, number_of_adults, number_of_children, car_type, vehicle_capacity, total_price, display_order, created_at, updated_at) VALUES ('6af3b717-487f-4e34-9042-4b02929f7ece', '8a46b04b-db1e-4ceb-a0ac-7dd152ca5f0e', 2, 2, 'Sedan', 4, 1200, 1, '2025-11-16T10:53:13.993005+00:00', '2025-11-16T10:53:13.993005+00:00');
INSERT INTO multi_city_private_package_rows (id, pricing_package_id, number_of_adults, number_of_children, car_type, vehicle_capacity, total_price, display_order, created_at, updated_at) VALUES ('48d8865f-fb07-45ae-b7ca-5f28be9a18ce', '8a46b04b-db1e-4ceb-a0ac-7dd152ca5f0e', 1, 0, '', 4, 0, 2, '2025-11-16T10:53:13.993005+00:00', '2025-11-16T10:53:13.993005+00:00');
INSERT INTO multi_city_private_package_rows (id, pricing_package_id, number_of_adults, number_of_children, car_type, vehicle_capacity, total_price, display_order, created_at, updated_at) VALUES ('6987d9fa-9099-4248-a559-21ed3cd91671', '24e9c2f8-f411-4d95-a543-0bd66b684de4', 2, 2, 'Sedan', 4, 1200, 1, '2025-11-16T12:02:45.128316+00:00', '2025-11-16T12:02:45.128316+00:00');
INSERT INTO multi_city_private_package_rows (id, pricing_package_id, number_of_adults, number_of_children, car_type, vehicle_capacity, total_price, display_order, created_at, updated_at) VALUES ('0a324de7-f1fb-41b3-809c-e372e78dfd31', '24e9c2f8-f411-4d95-a543-0bd66b684de4', 1, 0, '', 4, 0, 2, '2025-11-16T12:02:45.128316+00:00', '2025-11-16T12:02:45.128316+00:00');

-- Table: multi_city_hotel_packages (9 rows)
INSERT INTO multi_city_hotel_packages (id, operator_id, title, short_description, destination_region, package_validity_date, base_price, currency, deposit_percent, balance_due_days, payment_methods, visa_requirements, insurance_requirement, health_requirements, terms_and_conditions, status, published_at, created_at, updated_at, adult_price, total_nights, total_cities) VALUES ('ca4308c6-9f72-4768-9d0e-4fe683990a91', 'df946aac-f0da-43bd-9830-25b9a6dbd0e9', 'Luxury Thailand: Premium Hotels in Phuket, Krabi & Bangkok', 'Experience Thailand in style with premium 4-5 star hotels across three stunning destinations.', 'Thailand', NULL, 1200, 'USD', 30, 7, '["Credit Card","Bank Transfer"]'::jsonb, 'Visa on arrival available for most nationalities', 'OPTIONAL', 'No special health requirements', 'Standard cancellation policy applies. Prices subject to change based on availability.', 'published', '2025-11-15T11:51:24.065943+00:00', '2025-11-15T11:51:24.065943+00:00', '2025-11-15T12:03:44.133407+00:00', 1200, 8, 3);
INSERT INTO multi_city_hotel_packages (id, operator_id, title, short_description, destination_region, package_validity_date, base_price, currency, deposit_percent, balance_due_days, payment_methods, visa_requirements, insurance_requirement, health_requirements, terms_and_conditions, status, published_at, created_at, updated_at, adult_price, total_nights, total_cities) VALUES ('ca7fff44-8fab-445e-884e-81d3571449b0', 'df946aac-f0da-43bd-9830-25b9a6dbd0e9', 'Luxury Thailand: Premium Hotels in Phuket, Krabi & Bangkok', 'Experience Thailand in style with premium 4-5 star hotels across three stunning destinations.', 'Thailand', NULL, 1200, 'USD', 30, 7, '["Credit Card","Bank Transfer"]'::jsonb, 'Visa on arrival available for most nationalities', 'OPTIONAL', 'No special health requirements', 'Standard cancellation policy applies. Prices subject to change based on availability.', 'published', '2025-11-15T12:03:44.133407+00:00', '2025-11-15T12:03:44.133407+00:00', '2025-11-15T12:03:44.133407+00:00', 1200, 8, 3);
INSERT INTO multi_city_hotel_packages (id, operator_id, title, short_description, destination_region, package_validity_date, base_price, currency, deposit_percent, balance_due_days, payment_methods, visa_requirements, insurance_requirement, health_requirements, terms_and_conditions, status, published_at, created_at, updated_at, adult_price, total_nights, total_cities) VALUES ('9382e20c-ad58-4c63-bf19-18533c226e97', 'df946aac-f0da-43bd-9830-25b9a6dbd0e9', 'Thailand Beach & City: Phuket & Bangkok with Hotels', 'Comfortable 3-4 star hotels in Phuket and Bangkok for a perfect beach and city combination.', 'Thailand', NULL, 650, 'USD', 25, 7, '["Credit Card","Bank Transfer"]'::jsonb, 'Visa on arrival available', 'OPTIONAL', NULL, 'Standard cancellation policy applies.', 'published', '2025-11-15T11:51:24.065943+00:00', '2025-11-15T11:51:24.065943+00:00', '2025-11-15T12:03:44.133407+00:00', 650, 5, 2);
INSERT INTO multi_city_hotel_packages (id, operator_id, title, short_description, destination_region, package_validity_date, base_price, currency, deposit_percent, balance_due_days, payment_methods, visa_requirements, insurance_requirement, health_requirements, terms_and_conditions, status, published_at, created_at, updated_at, adult_price, total_nights, total_cities) VALUES ('dd18cfdc-e983-4f32-be24-ef7370932e64', 'df946aac-f0da-43bd-9830-25b9a6dbd0e9', 'Thailand Beach & City: Phuket & Bangkok with Hotels', 'Comfortable 3-4 star hotels in Phuket and Bangkok for a perfect beach and city combination.', 'Thailand', NULL, 650, 'USD', 25, 7, '["Credit Card","Bank Transfer"]'::jsonb, 'Visa on arrival available', 'OPTIONAL', NULL, 'Standard cancellation policy applies.', 'published', '2025-11-15T12:03:44.133407+00:00', '2025-11-15T12:03:44.133407+00:00', '2025-11-15T12:03:44.133407+00:00', 650, 5, 2);
INSERT INTO multi_city_hotel_packages (id, operator_id, title, short_description, destination_region, package_validity_date, base_price, currency, deposit_percent, balance_due_days, payment_methods, visa_requirements, insurance_requirement, health_requirements, terms_and_conditions, status, published_at, created_at, updated_at, adult_price, total_nights, total_cities) VALUES ('a9415e2d-f3e3-48b2-a977-a3ff7b029f6d', 'df946aac-f0da-43bd-9830-25b9a6dbd0e9', 'Thailand Beach & City: Phuket & Bangkok', 'A perfect blend of beach relaxation and city exploration with comfortable 3-4 star accommodations.', 'Thailand', NULL, 800, 'USD', 30, 7, '["Credit Card","Bank Transfer"]'::jsonb, NULL, 'OPTIONAL', NULL, NULL, 'published', '2025-11-16T05:46:09.745367+00:00', '2025-11-16T05:46:09.745367+00:00', '2025-11-16T05:46:09.745367+00:00', NULL, 5, 2);
INSERT INTO multi_city_hotel_packages (id, operator_id, title, short_description, destination_region, package_validity_date, base_price, currency, deposit_percent, balance_due_days, payment_methods, visa_requirements, insurance_requirement, health_requirements, terms_and_conditions, status, published_at, created_at, updated_at, adult_price, total_nights, total_cities) VALUES ('aee233a8-21c1-4d87-97c3-9177671edd39', 'df946aac-f0da-43bd-9830-25b9a6dbd0e9', 'Bali Luxury Stay: Premium Resorts in Ubud & Seminyak', 'Luxury 5-star resort experience in Bali with stays in Ubud and Seminyak.', 'Indonesia', NULL, 950, 'USD', 30, 7, '["Credit Card","Bank Transfer"]'::jsonb, 'Visa on arrival available for most nationalities', 'OPTIONAL', NULL, 'Standard cancellation policy applies.', 'published', '2025-11-15T11:51:24.065943+00:00', '2025-11-15T11:51:24.065943+00:00', '2025-11-15T12:03:44.133407+00:00', 950, 4, 2);
INSERT INTO multi_city_hotel_packages (id, operator_id, title, short_description, destination_region, package_validity_date, base_price, currency, deposit_percent, balance_due_days, payment_methods, visa_requirements, insurance_requirement, health_requirements, terms_and_conditions, status, published_at, created_at, updated_at, adult_price, total_nights, total_cities) VALUES ('620bc6ad-d392-47ed-9324-855f0cb9b0a1', 'df946aac-f0da-43bd-9830-25b9a6dbd0e9', 'Bali Luxury Stay: Premium Resorts in Ubud & Seminyak', 'Luxury 5-star resort experience in Bali with stays in Ubud and Seminyak.', 'Indonesia', NULL, 950, 'USD', 30, 7, '["Credit Card","Bank Transfer"]'::jsonb, 'Visa on arrival available for most nationalities', 'OPTIONAL', NULL, 'Standard cancellation policy applies.', 'published', '2025-11-15T12:03:44.133407+00:00', '2025-11-15T12:03:44.133407+00:00', '2025-11-15T12:03:44.133407+00:00', 950, 4, 2);
INSERT INTO multi_city_hotel_packages (id, operator_id, title, short_description, destination_region, package_validity_date, base_price, currency, deposit_percent, balance_due_days, payment_methods, visa_requirements, insurance_requirement, health_requirements, terms_and_conditions, status, published_at, created_at, updated_at, adult_price, total_nights, total_cities) VALUES ('e00ff8b6-2536-4884-b463-05dd49442844', 'df946aac-f0da-43bd-9830-25b9a6dbd0e9', 'Bali Luxury Stay: Ubud & Seminyak', 'Experience luxury accommodations in Bali''s most beautiful destinations with 5-star resorts.', 'Bali, Indonesia', NULL, 950, 'USD', 30, 7, '["Credit Card","Bank Transfer"]'::jsonb, NULL, 'OPTIONAL', NULL, NULL, 'published', '2025-11-16T05:46:09.745367+00:00', '2025-11-16T05:46:09.745367+00:00', '2025-11-16T05:46:09.745367+00:00', NULL, 4, 2);
INSERT INTO multi_city_hotel_packages (id, operator_id, title, short_description, destination_region, package_validity_date, base_price, currency, deposit_percent, balance_due_days, payment_methods, visa_requirements, insurance_requirement, health_requirements, terms_and_conditions, status, published_at, created_at, updated_at, adult_price, total_nights, total_cities) VALUES ('36a36115-8613-47c2-8cf0-d923d3befdd9', 'df946aac-f0da-43bd-9830-25b9a6dbd0e9', 'Luxury Thailand: Phuket, Krabi & Bangkok', 'Experience luxury accommodations in Thailand''s most beautiful destinations with 5-star hotels.', 'Thailand', NULL, 1200, 'USD', 30, 7, '["Credit Card","Bank Transfer"]'::jsonb, NULL, 'OPTIONAL', NULL, NULL, 'published', '2025-11-16T05:46:09.745367+00:00', '2025-11-16T05:46:09.745367+00:00', '2025-11-16T05:46:09.745367+00:00', NULL, 8, 3);

-- Table: multi_city_hotel_package_cities (21 rows)
INSERT INTO multi_city_hotel_package_cities (id, package_id, name, country, nights, display_order, created_at, updated_at) VALUES ('e5af7725-ad57-4bb0-936e-83d80d099d34', 'ca4308c6-9f72-4768-9d0e-4fe683990a91', 'Phuket', 'Thailand', 3, 1, '2025-11-15T11:51:24.065943+00:00', '2025-11-15T11:51:24.065943+00:00');
INSERT INTO multi_city_hotel_package_cities (id, package_id, name, country, nights, display_order, created_at, updated_at) VALUES ('3dc9e662-9b3d-4260-9fd3-a0554b205914', 'ca4308c6-9f72-4768-9d0e-4fe683990a91', 'Krabi', 'Thailand', 2, 2, '2025-11-15T11:51:24.065943+00:00', '2025-11-15T11:51:24.065943+00:00');
INSERT INTO multi_city_hotel_package_cities (id, package_id, name, country, nights, display_order, created_at, updated_at) VALUES ('bcb5a5b2-0e14-4ff6-b184-44cd35611cfe', 'ca4308c6-9f72-4768-9d0e-4fe683990a91', 'Bangkok', 'Thailand', 3, 3, '2025-11-15T11:51:24.065943+00:00', '2025-11-15T11:51:24.065943+00:00');
INSERT INTO multi_city_hotel_package_cities (id, package_id, name, country, nights, display_order, created_at, updated_at) VALUES ('0678946c-1834-49ef-8fe5-9c07a109284e', '9382e20c-ad58-4c63-bf19-18533c226e97', 'Phuket', 'Thailand', 3, 1, '2025-11-15T11:51:24.065943+00:00', '2025-11-15T11:51:24.065943+00:00');
INSERT INTO multi_city_hotel_package_cities (id, package_id, name, country, nights, display_order, created_at, updated_at) VALUES ('3af47098-9423-4766-90b4-6f76c3231023', '9382e20c-ad58-4c63-bf19-18533c226e97', 'Bangkok', 'Thailand', 2, 2, '2025-11-15T11:51:24.065943+00:00', '2025-11-15T11:51:24.065943+00:00');
INSERT INTO multi_city_hotel_package_cities (id, package_id, name, country, nights, display_order, created_at, updated_at) VALUES ('98226aee-9313-4012-ad79-9f3fe2c05923', 'aee233a8-21c1-4d87-97c3-9177671edd39', 'Ubud', 'Indonesia', 2, 1, '2025-11-15T11:51:24.065943+00:00', '2025-11-15T11:51:24.065943+00:00');
INSERT INTO multi_city_hotel_package_cities (id, package_id, name, country, nights, display_order, created_at, updated_at) VALUES ('beb73e7a-ecc1-4931-97aa-c974c2dbd82a', 'aee233a8-21c1-4d87-97c3-9177671edd39', 'Seminyak', 'Indonesia', 2, 2, '2025-11-15T11:51:24.065943+00:00', '2025-11-15T11:51:24.065943+00:00');
INSERT INTO multi_city_hotel_package_cities (id, package_id, name, country, nights, display_order, created_at, updated_at) VALUES ('f9db2304-5afc-4057-8fcf-f31a27f27b8e', 'ca4308c6-9f72-4768-9d0e-4fe683990a91', 'Phuket', 'Thailand', 3, 1, '2025-11-15T12:03:44.133407+00:00', '2025-11-15T12:03:44.133407+00:00');
INSERT INTO multi_city_hotel_package_cities (id, package_id, name, country, nights, display_order, created_at, updated_at) VALUES ('9daec70e-4ea1-4983-a8e5-9d2a0dd0749f', 'ca4308c6-9f72-4768-9d0e-4fe683990a91', 'Krabi', 'Thailand', 2, 2, '2025-11-15T12:03:44.133407+00:00', '2025-11-15T12:03:44.133407+00:00');
INSERT INTO multi_city_hotel_package_cities (id, package_id, name, country, nights, display_order, created_at, updated_at) VALUES ('348a39f4-82b8-4ef1-95db-a03c7783ed67', 'ca4308c6-9f72-4768-9d0e-4fe683990a91', 'Bangkok', 'Thailand', 3, 3, '2025-11-15T12:03:44.133407+00:00', '2025-11-15T12:03:44.133407+00:00');
INSERT INTO multi_city_hotel_package_cities (id, package_id, name, country, nights, display_order, created_at, updated_at) VALUES ('52166eba-b19c-42f7-af0a-f740577ac507', '9382e20c-ad58-4c63-bf19-18533c226e97', 'Phuket', 'Thailand', 3, 1, '2025-11-15T12:03:44.133407+00:00', '2025-11-15T12:03:44.133407+00:00');
INSERT INTO multi_city_hotel_package_cities (id, package_id, name, country, nights, display_order, created_at, updated_at) VALUES ('940b9adb-4c60-46ce-8284-5f688b51abbf', '9382e20c-ad58-4c63-bf19-18533c226e97', 'Bangkok', 'Thailand', 2, 2, '2025-11-15T12:03:44.133407+00:00', '2025-11-15T12:03:44.133407+00:00');
INSERT INTO multi_city_hotel_package_cities (id, package_id, name, country, nights, display_order, created_at, updated_at) VALUES ('217721b9-65da-41b2-ad8d-3506239b590a', 'aee233a8-21c1-4d87-97c3-9177671edd39', 'Ubud', 'Indonesia', 2, 1, '2025-11-15T12:03:44.133407+00:00', '2025-11-15T12:03:44.133407+00:00');
INSERT INTO multi_city_hotel_package_cities (id, package_id, name, country, nights, display_order, created_at, updated_at) VALUES ('c3ceded0-090a-4f77-be9b-0a565e094bb9', 'aee233a8-21c1-4d87-97c3-9177671edd39', 'Seminyak', 'Indonesia', 2, 2, '2025-11-15T12:03:44.133407+00:00', '2025-11-15T12:03:44.133407+00:00');
INSERT INTO multi_city_hotel_package_cities (id, package_id, name, country, nights, display_order, created_at, updated_at) VALUES ('30eaa3d0-4cbc-4566-a73d-47fc96e93e9d', '36a36115-8613-47c2-8cf0-d923d3befdd9', 'Phuket', NULL, 3, 1, '2025-11-16T05:46:09.745367+00:00', '2025-11-16T05:46:09.745367+00:00');
INSERT INTO multi_city_hotel_package_cities (id, package_id, name, country, nights, display_order, created_at, updated_at) VALUES ('6cd39578-52d7-495b-9b46-adfc7231587c', '36a36115-8613-47c2-8cf0-d923d3befdd9', 'Krabi', NULL, 2, 2, '2025-11-16T05:46:09.745367+00:00', '2025-11-16T05:46:09.745367+00:00');
INSERT INTO multi_city_hotel_package_cities (id, package_id, name, country, nights, display_order, created_at, updated_at) VALUES ('5d07b76d-3fdd-4d03-8fa4-551fe355c0b5', '36a36115-8613-47c2-8cf0-d923d3befdd9', 'Bangkok', NULL, 3, 3, '2025-11-16T05:46:09.745367+00:00', '2025-11-16T05:46:09.745367+00:00');
INSERT INTO multi_city_hotel_package_cities (id, package_id, name, country, nights, display_order, created_at, updated_at) VALUES ('4e0877a1-2532-431e-9c5b-51bc77588828', 'a9415e2d-f3e3-48b2-a977-a3ff7b029f6d', 'Phuket', NULL, 3, 1, '2025-11-16T05:46:09.745367+00:00', '2025-11-16T05:46:09.745367+00:00');
INSERT INTO multi_city_hotel_package_cities (id, package_id, name, country, nights, display_order, created_at, updated_at) VALUES ('2e3ba70b-e54a-43cb-a366-6446b374b44c', 'a9415e2d-f3e3-48b2-a977-a3ff7b029f6d', 'Bangkok', NULL, 2, 2, '2025-11-16T05:46:09.745367+00:00', '2025-11-16T05:46:09.745367+00:00');
INSERT INTO multi_city_hotel_package_cities (id, package_id, name, country, nights, display_order, created_at, updated_at) VALUES ('5b78a374-83e4-46cf-8d23-87064af66ccd', 'e00ff8b6-2536-4884-b463-05dd49442844', 'Ubud', NULL, 2, 1, '2025-11-16T05:46:09.745367+00:00', '2025-11-16T05:46:09.745367+00:00');
INSERT INTO multi_city_hotel_package_cities (id, package_id, name, country, nights, display_order, created_at, updated_at) VALUES ('6ec7530f-377c-42b9-850e-79d7dd72ba57', 'e00ff8b6-2536-4884-b463-05dd49442844', 'Seminyak', NULL, 2, 2, '2025-11-16T05:46:09.745367+00:00', '2025-11-16T05:46:09.745367+00:00');

-- Table: multi_city_hotel_package_city_hotels (28 rows)
INSERT INTO multi_city_hotel_package_city_hotels (id, city_id, hotel_name, hotel_type, room_type, display_order, created_at, updated_at, room_capacity_adults, room_capacity_children) VALUES ('f50753b7-d030-43d8-b3ff-44d8fb217794', 'e5af7725-ad57-4bb0-936e-83d80d099d34', 'The Westin Siray Bay Resort & Spa', '5 Star', 'Deluxe Ocean View', 1, '2025-11-15T11:51:24.065943+00:00', '2025-11-15T11:51:24.065943+00:00', NULL, NULL);
INSERT INTO multi_city_hotel_package_city_hotels (id, city_id, hotel_name, hotel_type, room_type, display_order, created_at, updated_at, room_capacity_adults, room_capacity_children) VALUES ('ca94fc9f-1330-48aa-b209-e6f58a670ade', '3dc9e662-9b3d-4260-9fd3-a0554b205914', 'Rayavadee Resort', '5 Star', 'Pavilion Room', 1, '2025-11-15T11:51:24.065943+00:00', '2025-11-15T11:51:24.065943+00:00', NULL, NULL);
INSERT INTO multi_city_hotel_package_city_hotels (id, city_id, hotel_name, hotel_type, room_type, display_order, created_at, updated_at, room_capacity_adults, room_capacity_children) VALUES ('4610bdcd-245e-480c-ab6b-b1a6cb43efa8', 'bcb5a5b2-0e14-4ff6-b184-44cd35611cfe', 'The Peninsula Bangkok', '5 Star', 'Deluxe Room', 1, '2025-11-15T11:51:24.065943+00:00', '2025-11-15T11:51:24.065943+00:00', NULL, NULL);
INSERT INTO multi_city_hotel_package_city_hotels (id, city_id, hotel_name, hotel_type, room_type, display_order, created_at, updated_at, room_capacity_adults, room_capacity_children) VALUES ('18ffdc97-9191-43f0-90c9-997ed4e9609e', '0678946c-1834-49ef-8fe5-9c07a109284e', 'Casa Del M Resort', '3 Star', 'Deluxe Double or Twin', 1, '2025-11-15T11:51:24.065943+00:00', '2025-11-15T11:51:24.065943+00:00', NULL, NULL);
INSERT INTO multi_city_hotel_package_city_hotels (id, city_id, hotel_name, hotel_type, room_type, display_order, created_at, updated_at, room_capacity_adults, room_capacity_children) VALUES ('d853d8d1-d2a0-4070-9009-d05daace7445', '3af47098-9423-4766-90b4-6f76c3231023', 'King Park Avenue Hotel', '4 Star', 'Superior Room', 1, '2025-11-15T11:51:24.065943+00:00', '2025-11-15T11:51:24.065943+00:00', NULL, NULL);
INSERT INTO multi_city_hotel_package_city_hotels (id, city_id, hotel_name, hotel_type, room_type, display_order, created_at, updated_at, room_capacity_adults, room_capacity_children) VALUES ('7b30ccd8-33b9-4136-b28a-f3cbf10f70df', '98226aee-9313-4012-ad79-9f3fe2c05923', 'The Hanging Gardens of Bali', '5 Star', 'Villa with Private Pool', 1, '2025-11-15T11:51:24.065943+00:00', '2025-11-15T11:51:24.065943+00:00', NULL, NULL);
INSERT INTO multi_city_hotel_package_city_hotels (id, city_id, hotel_name, hotel_type, room_type, display_order, created_at, updated_at, room_capacity_adults, room_capacity_children) VALUES ('bc7f3cb3-f2ee-4e06-8ef3-a10dad512642', 'beb73e7a-ecc1-4931-97aa-c974c2dbd82a', 'The Legian Seminyak', '5 Star', 'Ocean View Suite', 1, '2025-11-15T11:51:24.065943+00:00', '2025-11-15T11:51:24.065943+00:00', NULL, NULL);
INSERT INTO multi_city_hotel_package_city_hotels (id, city_id, hotel_name, hotel_type, room_type, display_order, created_at, updated_at, room_capacity_adults, room_capacity_children) VALUES ('98731d14-7c56-4112-8f3f-f206c1fb27ee', 'e5af7725-ad57-4bb0-936e-83d80d099d34', 'The Westin Siray Bay Resort & Spa', '5 Star', 'Deluxe Ocean View', 1, '2025-11-15T12:03:44.133407+00:00', '2025-11-15T12:03:44.133407+00:00', NULL, NULL);
INSERT INTO multi_city_hotel_package_city_hotels (id, city_id, hotel_name, hotel_type, room_type, display_order, created_at, updated_at, room_capacity_adults, room_capacity_children) VALUES ('dd16231c-8199-4117-ac65-fbb1bbb41689', '3dc9e662-9b3d-4260-9fd3-a0554b205914', 'Rayavadee Resort', '5 Star', 'Pavilion Room', 1, '2025-11-15T12:03:44.133407+00:00', '2025-11-15T12:03:44.133407+00:00', NULL, NULL);
INSERT INTO multi_city_hotel_package_city_hotels (id, city_id, hotel_name, hotel_type, room_type, display_order, created_at, updated_at, room_capacity_adults, room_capacity_children) VALUES ('17cdd5fa-6e56-46b7-b91d-813f5af3136a', 'bcb5a5b2-0e14-4ff6-b184-44cd35611cfe', 'The Peninsula Bangkok', '5 Star', 'Deluxe Room', 1, '2025-11-15T12:03:44.133407+00:00', '2025-11-15T12:03:44.133407+00:00', NULL, NULL);
INSERT INTO multi_city_hotel_package_city_hotels (id, city_id, hotel_name, hotel_type, room_type, display_order, created_at, updated_at, room_capacity_adults, room_capacity_children) VALUES ('c385584d-11d7-438a-8788-8293337a9acc', '0678946c-1834-49ef-8fe5-9c07a109284e', 'Casa Del M Resort', '3 Star', 'Deluxe Double or Twin', 1, '2025-11-15T12:03:44.133407+00:00', '2025-11-15T12:03:44.133407+00:00', NULL, NULL);
INSERT INTO multi_city_hotel_package_city_hotels (id, city_id, hotel_name, hotel_type, room_type, display_order, created_at, updated_at, room_capacity_adults, room_capacity_children) VALUES ('0e83fed2-e782-4dbf-b221-4c107c9c2357', '3af47098-9423-4766-90b4-6f76c3231023', 'King Park Avenue Hotel', '4 Star', 'Superior Room', 1, '2025-11-15T12:03:44.133407+00:00', '2025-11-15T12:03:44.133407+00:00', NULL, NULL);
INSERT INTO multi_city_hotel_package_city_hotels (id, city_id, hotel_name, hotel_type, room_type, display_order, created_at, updated_at, room_capacity_adults, room_capacity_children) VALUES ('287f0881-ad30-4415-82c3-ae915ac72076', '98226aee-9313-4012-ad79-9f3fe2c05923', 'The Hanging Gardens of Bali', '5 Star', 'Villa with Private Pool', 1, '2025-11-15T12:03:44.133407+00:00', '2025-11-15T12:03:44.133407+00:00', NULL, NULL);
INSERT INTO multi_city_hotel_package_city_hotels (id, city_id, hotel_name, hotel_type, room_type, display_order, created_at, updated_at, room_capacity_adults, room_capacity_children) VALUES ('91119ca4-2490-45ef-b1bb-5da8d1aac3a5', 'beb73e7a-ecc1-4931-97aa-c974c2dbd82a', 'The Legian Seminyak', '5 Star', 'Ocean View Suite', 1, '2025-11-15T12:03:44.133407+00:00', '2025-11-15T12:03:44.133407+00:00', NULL, NULL);
INSERT INTO multi_city_hotel_package_city_hotels (id, city_id, hotel_name, hotel_type, room_type, display_order, created_at, updated_at, room_capacity_adults, room_capacity_children) VALUES ('4aa18621-36d9-414b-aa93-0109e7d39cef', '30eaa3d0-4cbc-4566-a73d-47fc96e93e9d', 'The Westin Siray Bay Resort & Spa', '5 Star', 'Deluxe Room', 1, '2025-11-16T05:46:09.745367+00:00', '2025-11-16T05:46:09.745367+00:00', 2, 2);
INSERT INTO multi_city_hotel_package_city_hotels (id, city_id, hotel_name, hotel_type, room_type, display_order, created_at, updated_at, room_capacity_adults, room_capacity_children) VALUES ('05525b81-9033-46ac-a5ae-320b80032a8a', '30eaa3d0-4cbc-4566-a73d-47fc96e93e9d', 'Banyan Tree Phuket', '5 Star', 'Pool Villa', 2, '2025-11-16T05:46:09.745367+00:00', '2025-11-16T05:46:09.745367+00:00', 2, 2);
INSERT INTO multi_city_hotel_package_city_hotels (id, city_id, hotel_name, hotel_type, room_type, display_order, created_at, updated_at, room_capacity_adults, room_capacity_children) VALUES ('510772f0-b0cc-4009-993a-a3573580aa1b', '6cd39578-52d7-495b-9b46-adfc7231587c', 'Rayavadee Resort', '5 Star', 'Deluxe Pavilion', 1, '2025-11-16T05:46:09.745367+00:00', '2025-11-16T05:46:09.745367+00:00', 2, 2);
INSERT INTO multi_city_hotel_package_city_hotels (id, city_id, hotel_name, hotel_type, room_type, display_order, created_at, updated_at, room_capacity_adults, room_capacity_children) VALUES ('348681e4-f578-4e51-9387-fe69b1da0105', '6cd39578-52d7-495b-9b46-adfc7231587c', 'Phulay Bay, a Ritz-Carlton Reserve', '5 Star', 'Reserve Villa', 2, '2025-11-16T05:46:09.745367+00:00', '2025-11-16T05:46:09.745367+00:00', 2, 2);
INSERT INTO multi_city_hotel_package_city_hotels (id, city_id, hotel_name, hotel_type, room_type, display_order, created_at, updated_at, room_capacity_adults, room_capacity_children) VALUES ('c43414f4-7c23-42f2-86b7-bb0bc02334c7', '5d07b76d-3fdd-4d03-8fa4-551fe355c0b5', 'The Peninsula Bangkok', '5 Star', 'Deluxe Room', 1, '2025-11-16T05:46:09.745367+00:00', '2025-11-16T05:46:09.745367+00:00', 2, 2);
INSERT INTO multi_city_hotel_package_city_hotels (id, city_id, hotel_name, hotel_type, room_type, display_order, created_at, updated_at, room_capacity_adults, room_capacity_children) VALUES ('77a3dccb-363c-46c9-ad94-d2e9048ed8b1', '5d07b76d-3fdd-4d03-8fa4-551fe355c0b5', 'Mandarin Oriental Bangkok', '5 Star', 'River View Suite', 2, '2025-11-16T05:46:09.745367+00:00', '2025-11-16T05:46:09.745367+00:00', 2, 2);
INSERT INTO multi_city_hotel_package_city_hotels (id, city_id, hotel_name, hotel_type, room_type, display_order, created_at, updated_at, room_capacity_adults, room_capacity_children) VALUES ('66096c08-d818-4531-a976-36136bea77f0', '4e0877a1-2532-431e-9c5b-51bc77588828', 'Casa Del M Resort', '3 Star', 'Standard Room', 1, '2025-11-16T05:46:09.745367+00:00', '2025-11-16T05:46:09.745367+00:00', 2, 2);
INSERT INTO multi_city_hotel_package_city_hotels (id, city_id, hotel_name, hotel_type, room_type, display_order, created_at, updated_at, room_capacity_adults, room_capacity_children) VALUES ('0c0288e2-0696-4d0c-bc0b-a6f92c2aac4c', '4e0877a1-2532-431e-9c5b-51bc77588828', 'Patong Beach Hotel', '4 Star', 'Deluxe Room', 2, '2025-11-16T05:46:09.745367+00:00', '2025-11-16T05:46:09.745367+00:00', 2, 2);
INSERT INTO multi_city_hotel_package_city_hotels (id, city_id, hotel_name, hotel_type, room_type, display_order, created_at, updated_at, room_capacity_adults, room_capacity_children) VALUES ('8b230cfd-30de-4eb6-b078-53a1ebf6bf11', '2e3ba70b-e54a-43cb-a366-6446b374b44c', 'King Park Avenue Hotel', '3 Star', 'Standard Room', 1, '2025-11-16T05:46:09.745367+00:00', '2025-11-16T05:46:09.745367+00:00', 2, 2);
INSERT INTO multi_city_hotel_package_city_hotels (id, city_id, hotel_name, hotel_type, room_type, display_order, created_at, updated_at, room_capacity_adults, room_capacity_children) VALUES ('1e1bf9b4-48cf-4a70-a443-a7c98ddd0222', '2e3ba70b-e54a-43cb-a366-6446b374b44c', 'Novotel Bangkok', '4 Star', 'Superior Room', 2, '2025-11-16T05:46:09.745367+00:00', '2025-11-16T05:46:09.745367+00:00', 2, 2);
INSERT INTO multi_city_hotel_package_city_hotels (id, city_id, hotel_name, hotel_type, room_type, display_order, created_at, updated_at, room_capacity_adults, room_capacity_children) VALUES ('55c51f9f-59ef-4f35-ab15-4481c4b65121', '5b78a374-83e4-46cf-8d23-87064af66ccd', 'The Hanging Gardens of Bali', '5 Star', 'Pool Villa', 1, '2025-11-16T05:46:09.745367+00:00', '2025-11-16T05:46:09.745367+00:00', 2, 2);
INSERT INTO multi_city_hotel_package_city_hotels (id, city_id, hotel_name, hotel_type, room_type, display_order, created_at, updated_at, room_capacity_adults, room_capacity_children) VALUES ('50eb2b42-a343-42b6-bc07-b6f9bf20dbde', '5b78a374-83e4-46cf-8d23-87064af66ccd', 'Four Seasons Resort Bali at Sayan', '5 Star', 'River View Villa', 2, '2025-11-16T05:46:09.745367+00:00', '2025-11-16T05:46:09.745367+00:00', 2, 2);
INSERT INTO multi_city_hotel_package_city_hotels (id, city_id, hotel_name, hotel_type, room_type, display_order, created_at, updated_at, room_capacity_adults, room_capacity_children) VALUES ('7e2e1ba6-3c6d-42e7-8c56-e7d79988368c', '6ec7530f-377c-42b9-850e-79d7dd72ba57', 'The Legian Seminyak', '5 Star', 'Ocean View Suite', 1, '2025-11-16T05:46:09.745367+00:00', '2025-11-16T05:46:09.745367+00:00', 2, 2);
INSERT INTO multi_city_hotel_package_city_hotels (id, city_id, hotel_name, hotel_type, room_type, display_order, created_at, updated_at, room_capacity_adults, room_capacity_children) VALUES ('0da3d78e-b23f-4caa-bd5c-61ac6ee6844a', '6ec7530f-377c-42b9-850e-79d7dd72ba57', 'W Bali - Seminyak', '5 Star', 'Fabulous Suite', 2, '2025-11-16T05:46:09.745367+00:00', '2025-11-16T05:46:09.745367+00:00', 2, 2);

-- Table: multi_city_hotel_package_images (9 rows)
INSERT INTO multi_city_hotel_package_images (id, package_id, file_name, storage_path, public_url, file_size, mime_type, is_cover, is_featured, display_order, created_at) VALUES ('b348c3e9-3189-463b-ac31-d97dc4ec3bf3', 'ca4308c6-9f72-4768-9d0e-4fe683990a91', 'luxury-thailand-hotels-cover.jpg', 'packages/luxury-thailand-hotels-cover.jpg', 'https://images.unsplash.com/photo-1551884170-09fb70a3a2ed?w=800', NULL, NULL, TRUE, FALSE, 0, '2025-11-15T11:51:24.065943+00:00');
INSERT INTO multi_city_hotel_package_images (id, package_id, file_name, storage_path, public_url, file_size, mime_type, is_cover, is_featured, display_order, created_at) VALUES ('de487d56-e46e-4c95-ae6b-eed2eacd3dd9', '9382e20c-ad58-4c63-bf19-18533c226e97', 'thailand-beach-city-hotels-cover.jpg', 'packages/thailand-beach-city-hotels-cover.jpg', 'https://images.unsplash.com/photo-1552465011-b4e21bf6e79a?w=800', NULL, NULL, TRUE, FALSE, 0, '2025-11-15T11:51:24.065943+00:00');
INSERT INTO multi_city_hotel_package_images (id, package_id, file_name, storage_path, public_url, file_size, mime_type, is_cover, is_featured, display_order, created_at) VALUES ('7fd94fe5-e644-4311-ad2c-5ada084e7c07', 'aee233a8-21c1-4d87-97c3-9177671edd39', 'bali-luxury-hotels-cover.jpg', 'packages/bali-luxury-hotels-cover.jpg', 'https://images.unsplash.com/photo-1518548419970-58e3b4079ab2?w=800', NULL, NULL, TRUE, FALSE, 0, '2025-11-15T11:51:24.065943+00:00');
INSERT INTO multi_city_hotel_package_images (id, package_id, file_name, storage_path, public_url, file_size, mime_type, is_cover, is_featured, display_order, created_at) VALUES ('2e6421d6-e3ca-42c7-93a1-eaa8f2feb01c', 'ca4308c6-9f72-4768-9d0e-4fe683990a91', 'luxury-thailand-hotels-cover.jpg', 'packages/luxury-thailand-hotels-cover.jpg', 'https://images.unsplash.com/photo-1551884170-09fb70a3a2ed?w=800', NULL, NULL, TRUE, FALSE, 0, '2025-11-15T12:03:44.133407+00:00');
INSERT INTO multi_city_hotel_package_images (id, package_id, file_name, storage_path, public_url, file_size, mime_type, is_cover, is_featured, display_order, created_at) VALUES ('5e489472-10e4-47d3-b5a8-6e37f53b2883', '9382e20c-ad58-4c63-bf19-18533c226e97', 'thailand-beach-city-hotels-cover.jpg', 'packages/thailand-beach-city-hotels-cover.jpg', 'https://images.unsplash.com/photo-1552465011-b4e21bf6e79a?w=800', NULL, NULL, TRUE, FALSE, 0, '2025-11-15T12:03:44.133407+00:00');
INSERT INTO multi_city_hotel_package_images (id, package_id, file_name, storage_path, public_url, file_size, mime_type, is_cover, is_featured, display_order, created_at) VALUES ('a6708560-65bc-4840-b6eb-ee3b7ca40a88', 'aee233a8-21c1-4d87-97c3-9177671edd39', 'bali-luxury-hotels-cover.jpg', 'packages/bali-luxury-hotels-cover.jpg', 'https://images.unsplash.com/photo-1518548419970-58e3b4079ab2?w=800', NULL, NULL, TRUE, FALSE, 0, '2025-11-15T12:03:44.133407+00:00');
INSERT INTO multi_city_hotel_package_images (id, package_id, file_name, storage_path, public_url, file_size, mime_type, is_cover, is_featured, display_order, created_at) VALUES ('319ccc72-ad3b-4bb5-8fcb-d5ec648893ab', '36a36115-8613-47c2-8cf0-d923d3befdd9', 'luxury-thailand-cover.jpg', 'packages/luxury-thailand-cover.jpg', 'https://images.unsplash.com/photo-1552465011-b4e21bf6e79a?w=800', NULL, NULL, TRUE, FALSE, 0, '2025-11-16T05:46:09.745367+00:00');
INSERT INTO multi_city_hotel_package_images (id, package_id, file_name, storage_path, public_url, file_size, mime_type, is_cover, is_featured, display_order, created_at) VALUES ('e39ef66d-bcb9-41e6-aaf3-fd62b1595764', 'a9415e2d-f3e3-48b2-a977-a3ff7b029f6d', 'beach-city-cover.jpg', 'packages/beach-city-cover.jpg', 'https://images.unsplash.com/photo-1528181304800-259b08848526?w=800', NULL, NULL, TRUE, FALSE, 0, '2025-11-16T05:46:09.745367+00:00');
INSERT INTO multi_city_hotel_package_images (id, package_id, file_name, storage_path, public_url, file_size, mime_type, is_cover, is_featured, display_order, created_at) VALUES ('39989eb8-e3e3-44fb-8f69-46b1c193707c', 'e00ff8b6-2536-4884-b463-05dd49442844', 'bali-luxury-cover.jpg', 'packages/bali-luxury-cover.jpg', 'https://images.unsplash.com/photo-1537996194471-e657df975ab4?w=800', NULL, NULL, TRUE, FALSE, 0, '2025-11-16T05:46:09.745367+00:00');

-- Table: multi_city_hotel_package_inclusions (19 rows)
INSERT INTO multi_city_hotel_package_inclusions (id, package_id, category, description, display_order, created_at) VALUES ('2d64eb83-0a57-4a58-92d3-a176d6090a9a', 'ca4308c6-9f72-4768-9d0e-4fe683990a91', 'Transport', 'Airport Transfers', 1, '2025-11-15T12:03:44.133407+00:00');
INSERT INTO multi_city_hotel_package_inclusions (id, package_id, category, description, display_order, created_at) VALUES ('c7a5a434-96d3-45dc-9f9d-062405b1b95e', 'ca4308c6-9f72-4768-9d0e-4fe683990a91', 'Meals', 'Daily Breakfast', 2, '2025-11-15T12:03:44.133407+00:00');
INSERT INTO multi_city_hotel_package_inclusions (id, package_id, category, description, display_order, created_at) VALUES ('43b89d16-2b3b-4109-8990-ba77aa3c2ca5', 'ca4308c6-9f72-4768-9d0e-4fe683990a91', 'Activities', 'City Tours', 3, '2025-11-15T12:03:44.133407+00:00');
INSERT INTO multi_city_hotel_package_inclusions (id, package_id, category, description, display_order, created_at) VALUES ('871fee83-39eb-4cd2-a3f1-a9c655b0044d', 'ca4308c6-9f72-4768-9d0e-4fe683990a91', 'Transport', 'Intercity Transportation', 4, '2025-11-15T12:03:44.133407+00:00');
INSERT INTO multi_city_hotel_package_inclusions (id, package_id, category, description, display_order, created_at) VALUES ('63655763-aadf-49cd-82f7-5c443b787775', '9382e20c-ad58-4c63-bf19-18533c226e97', 'Transport', 'Airport Transfers', 1, '2025-11-15T12:03:44.133407+00:00');
INSERT INTO multi_city_hotel_package_inclusions (id, package_id, category, description, display_order, created_at) VALUES ('378bf1c9-7011-4e85-9ee7-da2af6a6d4df', '9382e20c-ad58-4c63-bf19-18533c226e97', 'Meals', 'Daily Breakfast', 2, '2025-11-15T12:03:44.133407+00:00');
INSERT INTO multi_city_hotel_package_inclusions (id, package_id, category, description, display_order, created_at) VALUES ('b45a5688-f3e0-4d5a-b2e7-31ca0f3fd250', '9382e20c-ad58-4c63-bf19-18533c226e97', 'Activities', 'City Tours', 3, '2025-11-15T12:03:44.133407+00:00');
INSERT INTO multi_city_hotel_package_inclusions (id, package_id, category, description, display_order, created_at) VALUES ('3222a3c2-e621-4936-874c-85b8db343f8e', 'aee233a8-21c1-4d87-97c3-9177671edd39', 'Transport', 'Airport Transfers', 1, '2025-11-15T12:03:44.133407+00:00');
INSERT INTO multi_city_hotel_package_inclusions (id, package_id, category, description, display_order, created_at) VALUES ('d94d6da6-f3af-4d76-89b6-068d659344b8', 'aee233a8-21c1-4d87-97c3-9177671edd39', 'Meals', 'Daily Breakfast', 2, '2025-11-15T12:03:44.133407+00:00');
INSERT INTO multi_city_hotel_package_inclusions (id, package_id, category, description, display_order, created_at) VALUES ('fab8c89b-48b0-4875-acca-a2272158095f', 'aee233a8-21c1-4d87-97c3-9177671edd39', 'Activities', 'Temple Visits', 3, '2025-11-15T12:03:44.133407+00:00');
INSERT INTO multi_city_hotel_package_inclusions (id, package_id, category, description, display_order, created_at) VALUES ('0325dc9c-0748-4194-be3e-66b85b64ec2f', 'aee233a8-21c1-4d87-97c3-9177671edd39', 'Transport', 'Intercity Transportation', 4, '2025-11-15T12:03:44.133407+00:00');
INSERT INTO multi_city_hotel_package_inclusions (id, package_id, category, description, display_order, created_at) VALUES ('355fa1b0-cf84-45d9-be9a-1c5c11922dbc', '36a36115-8613-47c2-8cf0-d923d3befdd9', 'Transport', 'Intercity Transportation', 1, '2025-11-16T05:46:09.745367+00:00');
INSERT INTO multi_city_hotel_package_inclusions (id, package_id, category, description, display_order, created_at) VALUES ('a663df97-fa40-4f2b-adcb-9b75b412c095', '36a36115-8613-47c2-8cf0-d923d3befdd9', 'Meals', 'Daily Breakfast', 2, '2025-11-16T05:46:09.745367+00:00');
INSERT INTO multi_city_hotel_package_inclusions (id, package_id, category, description, display_order, created_at) VALUES ('320b1396-53cd-4153-8ed0-8f5b2ca2a8d5', '36a36115-8613-47c2-8cf0-d923d3befdd9', 'Activities', 'City Tours', 3, '2025-11-16T05:46:09.745367+00:00');
INSERT INTO multi_city_hotel_package_inclusions (id, package_id, category, description, display_order, created_at) VALUES ('30370225-85b6-4a76-82c1-45492a25b539', 'a9415e2d-f3e3-48b2-a977-a3ff7b029f6d', 'Transport', 'Private Vehicle Transportation', 1, '2025-11-16T05:46:09.745367+00:00');
INSERT INTO multi_city_hotel_package_inclusions (id, package_id, category, description, display_order, created_at) VALUES ('4b39bd45-fc80-4014-aaf0-2132bb0e2557', 'a9415e2d-f3e3-48b2-a977-a3ff7b029f6d', 'Meals', 'Daily Breakfast', 2, '2025-11-16T05:46:09.745367+00:00');
INSERT INTO multi_city_hotel_package_inclusions (id, package_id, category, description, display_order, created_at) VALUES ('de26727a-a05d-4297-a4b1-24ae4e1ef2ea', 'e00ff8b6-2536-4884-b463-05dd49442844', 'Transport', 'Intercity Transportation', 1, '2025-11-16T05:46:09.745367+00:00');
INSERT INTO multi_city_hotel_package_inclusions (id, package_id, category, description, display_order, created_at) VALUES ('e7c63dc8-fd1b-4b8b-b9dc-b28220ee4a37', 'e00ff8b6-2536-4884-b463-05dd49442844', 'Meals', 'Daily Breakfast', 2, '2025-11-16T05:46:09.745367+00:00');
INSERT INTO multi_city_hotel_package_inclusions (id, package_id, category, description, display_order, created_at) VALUES ('163d947d-4f5b-4bf7-b606-1fb76a85d59d', 'e00ff8b6-2536-4884-b463-05dd49442844', 'Activities', 'Cultural Tours', 3, '2025-11-16T05:46:09.745367+00:00');

-- Table: multi_city_hotel_package_exclusions (17 rows)
INSERT INTO multi_city_hotel_package_exclusions (id, package_id, description, display_order, created_at) VALUES ('f35454d4-88ef-4fb2-856a-071adf20bf2f', 'ca4308c6-9f72-4768-9d0e-4fe683990a91', 'International Flights', 1, '2025-11-15T12:03:44.133407+00:00');
INSERT INTO multi_city_hotel_package_exclusions (id, package_id, description, display_order, created_at) VALUES ('5449a165-7b54-457f-9ee3-2c763ce97d8b', 'ca4308c6-9f72-4768-9d0e-4fe683990a91', 'Personal Expenses', 2, '2025-11-15T12:03:44.133407+00:00');
INSERT INTO multi_city_hotel_package_exclusions (id, package_id, description, display_order, created_at) VALUES ('7b23a25c-ba3e-4c47-8233-1bbf026c8627', 'ca4308c6-9f72-4768-9d0e-4fe683990a91', 'Tips and Gratuities', 3, '2025-11-15T12:03:44.133407+00:00');
INSERT INTO multi_city_hotel_package_exclusions (id, package_id, description, display_order, created_at) VALUES ('a33f7475-25a6-4539-aebe-1c023585d728', 'ca4308c6-9f72-4768-9d0e-4fe683990a91', 'Travel Insurance', 4, '2025-11-15T12:03:44.133407+00:00');
INSERT INTO multi_city_hotel_package_exclusions (id, package_id, description, display_order, created_at) VALUES ('5cd60f9f-6b47-43fa-b5a0-3d8d453a5228', '9382e20c-ad58-4c63-bf19-18533c226e97', 'International Flights', 1, '2025-11-15T12:03:44.133407+00:00');
INSERT INTO multi_city_hotel_package_exclusions (id, package_id, description, display_order, created_at) VALUES ('ccdc1809-393e-4a05-a059-3a3299551ec0', '9382e20c-ad58-4c63-bf19-18533c226e97', 'Personal Expenses', 2, '2025-11-15T12:03:44.133407+00:00');
INSERT INTO multi_city_hotel_package_exclusions (id, package_id, description, display_order, created_at) VALUES ('97982fbe-58a4-4e89-8da1-9030394a03ed', '9382e20c-ad58-4c63-bf19-18533c226e97', 'Travel Insurance', 3, '2025-11-15T12:03:44.133407+00:00');
INSERT INTO multi_city_hotel_package_exclusions (id, package_id, description, display_order, created_at) VALUES ('c81fa724-dab7-44a4-bb6f-eb7f13db92ef', 'aee233a8-21c1-4d87-97c3-9177671edd39', 'International Flights', 1, '2025-11-15T12:03:44.133407+00:00');
INSERT INTO multi_city_hotel_package_exclusions (id, package_id, description, display_order, created_at) VALUES ('67df849b-b9df-4f0e-94b9-05403d7762c7', 'aee233a8-21c1-4d87-97c3-9177671edd39', 'Personal Expenses', 2, '2025-11-15T12:03:44.133407+00:00');
INSERT INTO multi_city_hotel_package_exclusions (id, package_id, description, display_order, created_at) VALUES ('7a97fdcd-d057-4ff3-ba78-514c4ef2d36e', 'aee233a8-21c1-4d87-97c3-9177671edd39', 'Tips and Gratuities', 3, '2025-11-15T12:03:44.133407+00:00');
INSERT INTO multi_city_hotel_package_exclusions (id, package_id, description, display_order, created_at) VALUES ('19f5055a-92b5-41b3-8027-268fb183ca65', 'aee233a8-21c1-4d87-97c3-9177671edd39', 'Travel Insurance', 4, '2025-11-15T12:03:44.133407+00:00');
INSERT INTO multi_city_hotel_package_exclusions (id, package_id, description, display_order, created_at) VALUES ('5cec9b2a-efcc-4e99-90c9-10ae367e5788', '36a36115-8613-47c2-8cf0-d923d3befdd9', 'International Flights', 1, '2025-11-16T05:46:09.745367+00:00');
INSERT INTO multi_city_hotel_package_exclusions (id, package_id, description, display_order, created_at) VALUES ('9a19bd1d-6fbf-49a0-b9c6-8b478d72de52', '36a36115-8613-47c2-8cf0-d923d3befdd9', 'Personal Expenses', 2, '2025-11-16T05:46:09.745367+00:00');
INSERT INTO multi_city_hotel_package_exclusions (id, package_id, description, display_order, created_at) VALUES ('78f64b1c-55a3-491b-81a5-909001b3c383', 'a9415e2d-f3e3-48b2-a977-a3ff7b029f6d', 'International Flights', 1, '2025-11-16T05:46:09.745367+00:00');
INSERT INTO multi_city_hotel_package_exclusions (id, package_id, description, display_order, created_at) VALUES ('7f46e1f7-04ac-42ea-bcd4-3f3282520d2c', 'a9415e2d-f3e3-48b2-a977-a3ff7b029f6d', 'Personal Expenses', 2, '2025-11-16T05:46:09.745367+00:00');
INSERT INTO multi_city_hotel_package_exclusions (id, package_id, description, display_order, created_at) VALUES ('4bf2ca00-ff5a-4b4d-bfa1-4cfa1118552c', 'e00ff8b6-2536-4884-b463-05dd49442844', 'International Flights', 1, '2025-11-16T05:46:09.745367+00:00');
INSERT INTO multi_city_hotel_package_exclusions (id, package_id, description, display_order, created_at) VALUES ('29ad0609-f609-43f4-be5a-6ec7f79f2a72', 'e00ff8b6-2536-4884-b463-05dd49442844', 'Personal Expenses', 2, '2025-11-16T05:46:09.745367+00:00');

-- Table: multi_city_hotel_pricing_packages (9 rows)
INSERT INTO multi_city_hotel_pricing_packages (id, package_id, pricing_type, adult_price, child_price, child_min_age, child_max_age, infant_price, infant_max_age, created_at, updated_at) VALUES ('ac24aa4f-fbd7-4f38-8c17-330a8e0e2e60', 'ca4308c6-9f72-4768-9d0e-4fe683990a91', 'STANDARD', 1200, 600, 3, 12, 0, 2, '2025-11-15T11:51:24.065943+00:00', '2025-11-15T11:51:24.065943+00:00');
INSERT INTO multi_city_hotel_pricing_packages (id, package_id, pricing_type, adult_price, child_price, child_min_age, child_max_age, infant_price, infant_max_age, created_at, updated_at) VALUES ('a7a0c9e8-81c4-4cd5-a1b6-8f541b8407f4', '9382e20c-ad58-4c63-bf19-18533c226e97', 'STANDARD', 650, 325, 3, 12, 0, 2, '2025-11-15T11:51:24.065943+00:00', '2025-11-15T11:51:24.065943+00:00');
INSERT INTO multi_city_hotel_pricing_packages (id, package_id, pricing_type, adult_price, child_price, child_min_age, child_max_age, infant_price, infant_max_age, created_at, updated_at) VALUES ('0d54b315-32e3-432c-af71-38efacafd6f8', 'aee233a8-21c1-4d87-97c3-9177671edd39', 'STANDARD', 950, 475, 3, 12, 0, 2, '2025-11-15T11:51:24.065943+00:00', '2025-11-15T11:51:24.065943+00:00');
INSERT INTO multi_city_hotel_pricing_packages (id, package_id, pricing_type, adult_price, child_price, child_min_age, child_max_age, infant_price, infant_max_age, created_at, updated_at) VALUES ('ebb7d8e8-052e-42a8-9849-f53a33a180cb', 'ca4308c6-9f72-4768-9d0e-4fe683990a91', 'STANDARD', 1200, 600, 3, 12, 0, 2, '2025-11-15T12:03:44.133407+00:00', '2025-11-15T12:03:44.133407+00:00');
INSERT INTO multi_city_hotel_pricing_packages (id, package_id, pricing_type, adult_price, child_price, child_min_age, child_max_age, infant_price, infant_max_age, created_at, updated_at) VALUES ('657817d4-2cd1-4abf-a31b-fc38bde1634e', '9382e20c-ad58-4c63-bf19-18533c226e97', 'STANDARD', 650, 325, 3, 12, 0, 2, '2025-11-15T12:03:44.133407+00:00', '2025-11-15T12:03:44.133407+00:00');
INSERT INTO multi_city_hotel_pricing_packages (id, package_id, pricing_type, adult_price, child_price, child_min_age, child_max_age, infant_price, infant_max_age, created_at, updated_at) VALUES ('b4e244ba-1896-4b2a-b593-11d409eaf2ca', 'aee233a8-21c1-4d87-97c3-9177671edd39', 'STANDARD', 950, 475, 3, 12, 0, 2, '2025-11-15T12:03:44.133407+00:00', '2025-11-15T12:03:44.133407+00:00');
INSERT INTO multi_city_hotel_pricing_packages (id, package_id, pricing_type, adult_price, child_price, child_min_age, child_max_age, infant_price, infant_max_age, created_at, updated_at) VALUES ('a2c40294-952a-4a3b-a96c-87d44dd1c110', '36a36115-8613-47c2-8cf0-d923d3befdd9', 'SIC', 0, 0, 3, 12, 0, 2, '2025-11-16T05:46:09.745367+00:00', '2025-11-16T05:46:09.745367+00:00');
INSERT INTO multi_city_hotel_pricing_packages (id, package_id, pricing_type, adult_price, child_price, child_min_age, child_max_age, infant_price, infant_max_age, created_at, updated_at) VALUES ('d9e90335-3e8b-41e3-a273-a8746be5b825', 'a9415e2d-f3e3-48b2-a977-a3ff7b029f6d', 'PRIVATE_PACKAGE', 0, 0, 3, 12, 0, 2, '2025-11-16T05:46:09.745367+00:00', '2025-11-16T05:46:09.745367+00:00');
INSERT INTO multi_city_hotel_pricing_packages (id, package_id, pricing_type, adult_price, child_price, child_min_age, child_max_age, infant_price, infant_max_age, created_at, updated_at) VALUES ('146ea262-76f6-4135-8882-5dac0b899d24', 'e00ff8b6-2536-4884-b463-05dd49442844', 'SIC', 0, 0, 3, 12, 0, 2, '2025-11-16T05:46:09.745367+00:00', '2025-11-16T05:46:09.745367+00:00');

-- Table: itineraries (14 rows)
INSERT INTO itineraries (id, lead_id, agent_id, name, status, adults_count, children_count, infants_count, start_date, end_date, total_price, currency, lead_budget_min, lead_budget_max, notes, created_at, updated_at, sent_at) VALUES ('63395900-6f7d-4b69-bb97-bbc00fdf6717', 'ef216d86-3939-4a70-8012-0f6158d6e3de', '24ad6ddb-5a54-4308-8da7-42cdf8a10bea', 'Itinerary #1', 'draft', 3, 0, 0, NULL, NULL, 0, 'USD', 3000, 4000, NULL, '2025-11-03T01:44:30.381815+00:00', '2025-11-03T01:44:30.381815+00:00', NULL);
INSERT INTO itineraries (id, lead_id, agent_id, name, status, adults_count, children_count, infants_count, start_date, end_date, total_price, currency, lead_budget_min, lead_budget_max, notes, created_at, updated_at, sent_at) VALUES ('b522d89c-14de-466f-9fbe-981cd8405a52', 'ef216d86-3939-4a70-8012-0f6158d6e3de', '24ad6ddb-5a54-4308-8da7-42cdf8a10bea', 'Itinerary #1', 'draft', 3, 0, 0, '2025-11-05', '2025-11-10', 0, 'USD', 3000, 4000, NULL, '2025-11-03T01:46:10.152406+00:00', '2025-11-03T01:46:24.830553+00:00', NULL);
INSERT INTO itineraries (id, lead_id, agent_id, name, status, adults_count, children_count, infants_count, start_date, end_date, total_price, currency, lead_budget_min, lead_budget_max, notes, created_at, updated_at, sent_at) VALUES ('b8cf7743-78ec-4db1-a07c-e491f978cd9a', 'ef216d86-3939-4a70-8012-0f6158d6e3de', '24ad6ddb-5a54-4308-8da7-42cdf8a10bea', 'Itinerary #1', 'draft', 3, 0, 0, '2025-11-05', '2025-11-07', 0, 'USD', 3000, 4000, NULL, '2025-11-03T07:04:27.606132+00:00', '2025-11-03T07:09:20.117983+00:00', NULL);
INSERT INTO itineraries (id, lead_id, agent_id, name, status, adults_count, children_count, infants_count, start_date, end_date, total_price, currency, lead_budget_min, lead_budget_max, notes, created_at, updated_at, sent_at) VALUES ('34f63186-da2e-4f85-ba73-20b0b49533c4', 'ef216d86-3939-4a70-8012-0f6158d6e3de', '24ad6ddb-5a54-4308-8da7-42cdf8a10bea', 'Itinerary #1', 'draft', 3, 0, 0, '2025-11-04', '2025-11-10', 0, 'USD', 3000, 4000, NULL, '2025-11-03T13:39:15.00298+00:00', '2025-11-03T13:39:15.00298+00:00', NULL);
INSERT INTO itineraries (id, lead_id, agent_id, name, status, adults_count, children_count, infants_count, start_date, end_date, total_price, currency, lead_budget_min, lead_budget_max, notes, created_at, updated_at, sent_at) VALUES ('cdb0dda7-0eef-4b6c-823b-540bc21ca86a', 'ef216d86-3939-4a70-8012-0f6158d6e3de', '24ad6ddb-5a54-4308-8da7-42cdf8a10bea', 'Itinerary #1', 'draft', 3, 0, 0, '2025-11-04', '2025-11-11', 0, 'USD', 3000, 4000, NULL, '2025-11-03T13:57:05.931227+00:00', '2025-11-03T13:57:05.931227+00:00', NULL);
INSERT INTO itineraries (id, lead_id, agent_id, name, status, adults_count, children_count, infants_count, start_date, end_date, total_price, currency, lead_budget_min, lead_budget_max, notes, created_at, updated_at, sent_at) VALUES ('c22d15aa-948c-4752-bcba-4396a77c7cd7', 'ef216d86-3939-4a70-8012-0f6158d6e3de', '24ad6ddb-5a54-4308-8da7-42cdf8a10bea', 'Itinerary #1', 'draft', 3, 0, 0, '2025-11-05', '2025-11-10', 0, 'USD', 3000, 4000, NULL, '2025-11-03T14:49:29.716014+00:00', '2025-11-03T14:49:29.716014+00:00', NULL);
INSERT INTO itineraries (id, lead_id, agent_id, name, status, adults_count, children_count, infants_count, start_date, end_date, total_price, currency, lead_budget_min, lead_budget_max, notes, created_at, updated_at, sent_at) VALUES ('29d749f3-70a6-4151-bf74-8ae411d1abbd', 'ef216d86-3939-4a70-8012-0f6158d6e3de', '24ad6ddb-5a54-4308-8da7-42cdf8a10bea', 'Itinerary #1', 'draft', 3, 0, 0, '2025-11-06', '2025-11-11', 0, 'USD', 3000, 4000, NULL, '2025-11-03T15:22:56.324863+00:00', '2025-11-03T15:22:56.324863+00:00', NULL);
INSERT INTO itineraries (id, lead_id, agent_id, name, status, adults_count, children_count, infants_count, start_date, end_date, total_price, currency, lead_budget_min, lead_budget_max, notes, created_at, updated_at, sent_at) VALUES ('c0f5c46b-c975-4829-a174-08f8ffd72a6e', 'ef216d86-3939-4a70-8012-0f6158d6e3de', '24ad6ddb-5a54-4308-8da7-42cdf8a10bea', 'Itinerary #1', 'draft', 3, 0, 0, '2025-11-13', '2025-11-19', 0, 'USD', 3000, 4000, NULL, '2025-11-03T15:35:48.923336+00:00', '2025-11-03T15:43:59.630975+00:00', NULL);
INSERT INTO itineraries (id, lead_id, agent_id, name, status, adults_count, children_count, infants_count, start_date, end_date, total_price, currency, lead_budget_min, lead_budget_max, notes, created_at, updated_at, sent_at) VALUES ('902a4fe7-29de-456f-ba7f-9093c4753bd5', 'ef216d86-3939-4a70-8012-0f6158d6e3de', '24ad6ddb-5a54-4308-8da7-42cdf8a10bea', 'Itinerary #1', 'completed', 3, 0, 0, '2025-11-05', '2025-11-10', 1390, 'USD', 3000, 4000, NULL, '2025-11-04T00:55:52.554814+00:00', '2025-11-04T01:07:31.134+00:00', NULL);
INSERT INTO itineraries (id, lead_id, agent_id, name, status, adults_count, children_count, infants_count, start_date, end_date, total_price, currency, lead_budget_min, lead_budget_max, notes, created_at, updated_at, sent_at) VALUES ('9c63a862-4764-4921-af16-7c94033559fe', 'ef216d86-3939-4a70-8012-0f6158d6e3de', '24ad6ddb-5a54-4308-8da7-42cdf8a10bea', 'rajni test', 'draft', 3, 0, 0, '2025-11-22', '2025-11-26', 0, 'USD', 3000, 4000, NULL, '2025-11-04T02:57:48.503011+00:00', '2025-11-04T02:57:48.503011+00:00', NULL);
INSERT INTO itineraries (id, lead_id, agent_id, name, status, adults_count, children_count, infants_count, start_date, end_date, total_price, currency, lead_budget_min, lead_budget_max, notes, created_at, updated_at, sent_at) VALUES ('fb66d676-e9d6-475d-9337-980fcf190ef1', 'ef216d86-3939-4a70-8012-0f6158d6e3de', '24ad6ddb-5a54-4308-8da7-42cdf8a10bea', 'Itinerary #1', 'draft', 3, 0, 0, NULL, NULL, 0, 'USD', 3000, 4000, NULL, '2025-11-04T16:35:14.419264+00:00', '2025-11-04T16:35:14.419264+00:00', NULL);
INSERT INTO itineraries (id, lead_id, agent_id, name, status, adults_count, children_count, infants_count, start_date, end_date, total_price, currency, lead_budget_min, lead_budget_max, notes, created_at, updated_at, sent_at) VALUES ('b935db38-a652-491d-95b5-a4c3a716af7b', 'f141ab9d-d4ee-4657-9453-83bf45526e89', '24ad6ddb-5a54-4308-8da7-42cdf8a10bea', 'Itinerary #1', 'draft', 2, 0, 0, '2025-11-28', '2025-11-30', 2250, 'USD', 2500, 3500, NULL, '2025-11-19T04:33:26.818564+00:00', '2025-11-20T05:29:08.422+00:00', NULL);
INSERT INTO itineraries (id, lead_id, agent_id, name, status, adults_count, children_count, infants_count, start_date, end_date, total_price, currency, lead_budget_min, lead_budget_max, notes, created_at, updated_at, sent_at) VALUES ('ba6b02fc-3d93-4972-a049-b2e8a6c1c3af', 'f141ab9d-d4ee-4657-9453-83bf45526e89', '24ad6ddb-5a54-4308-8da7-42cdf8a10bea', 'Itinerary #1', 'draft', 2, 0, 0, '2025-11-10', '2025-11-16', 355, 'USD', 2500, 3500, NULL, '2025-11-08T08:06:54.456668+00:00', '2025-11-08T08:30:30.552797+00:00', NULL);
INSERT INTO itineraries (id, lead_id, agent_id, name, status, adults_count, children_count, infants_count, start_date, end_date, total_price, currency, lead_budget_min, lead_budget_max, notes, created_at, updated_at, sent_at) VALUES ('43432d60-36f5-4e60-aab2-6440474be79c', 'f141ab9d-d4ee-4657-9453-83bf45526e89', '24ad6ddb-5a54-4308-8da7-42cdf8a10bea', 'Itinerary #1', 'draft', 2, 2, 0, '2025-11-13', '2025-11-22', 18400, 'USD', 2500, 3500, NULL, '2025-11-15T12:29:08.464604+00:00', '2025-11-16T14:19:34.026678+00:00', NULL);

-- Table: itinerary_days (14 rows)
INSERT INTO itinerary_days (id, itinerary_id, day_number, date, city_name, notes, display_order, created_at, updated_at) VALUES ('279a7b65-f8fe-442f-9692-237b20751d78', 'b522d89c-14de-466f-9fbe-981cd8405a52', 1, NULL, NULL, NULL, 1, '2025-11-03T01:46:24.830553+00:00', '2025-11-03T01:46:24.830553+00:00');
INSERT INTO itinerary_days (id, itinerary_id, day_number, date, city_name, notes, display_order, created_at, updated_at) VALUES ('c07dc302-e225-4882-a664-77d705f86be0', 'b8cf7743-78ec-4db1-a07c-e491f978cd9a', 1, NULL, NULL, NULL, 1, '2025-11-03T07:04:47.688696+00:00', '2025-11-03T07:04:47.688696+00:00');
INSERT INTO itinerary_days (id, itinerary_id, day_number, date, city_name, notes, display_order, created_at, updated_at) VALUES ('ecc5b7a1-985e-4019-aa93-11f60c7703d4', 'b8cf7743-78ec-4db1-a07c-e491f978cd9a', 2, NULL, NULL, NULL, 2, '2025-11-03T07:09:20.117983+00:00', '2025-11-03T07:09:20.117983+00:00');
INSERT INTO itinerary_days (id, itinerary_id, day_number, date, city_name, notes, display_order, created_at, updated_at) VALUES ('4cc2fa46-dcf7-4151-81ea-730111d02500', 'c0f5c46b-c975-4829-a174-08f8ffd72a6e', 1, NULL, NULL, NULL, 1, '2025-11-03T15:43:59.630975+00:00', '2025-11-03T15:43:59.630975+00:00');
INSERT INTO itinerary_days (id, itinerary_id, day_number, date, city_name, notes, display_order, created_at, updated_at) VALUES ('ccc46934-a97e-4967-8b1f-4a7a2862998c', '902a4fe7-29de-456f-ba7f-9093c4753bd5', 1, NULL, NULL, NULL, 1, '2025-11-04T00:57:34.538751+00:00', '2025-11-04T00:57:34.538751+00:00');
INSERT INTO itinerary_days (id, itinerary_id, day_number, date, city_name, notes, display_order, created_at, updated_at) VALUES ('fe2222a9-a1e2-4b8d-8c35-7a34c37f6460', '902a4fe7-29de-456f-ba7f-9093c4753bd5', 2, NULL, NULL, NULL, 2, '2025-11-04T00:57:49.730697+00:00', '2025-11-04T00:57:49.730697+00:00');
INSERT INTO itinerary_days (id, itinerary_id, day_number, date, city_name, notes, display_order, created_at, updated_at) VALUES ('cb2d1eac-7688-4546-88b1-b930718ba27b', '902a4fe7-29de-456f-ba7f-9093c4753bd5', 3, NULL, NULL, NULL, 3, '2025-11-04T00:57:50.651422+00:00', '2025-11-04T00:57:50.651422+00:00');
INSERT INTO itinerary_days (id, itinerary_id, day_number, date, city_name, notes, display_order, created_at, updated_at) VALUES ('2941fdb7-eac2-4ab6-a05f-f63dd9dd7cba', '902a4fe7-29de-456f-ba7f-9093c4753bd5', 4, NULL, NULL, NULL, 4, '2025-11-04T00:57:51.321423+00:00', '2025-11-04T00:57:51.321423+00:00');
INSERT INTO itinerary_days (id, itinerary_id, day_number, date, city_name, notes, display_order, created_at, updated_at) VALUES ('8823eb70-e541-45af-b42c-1182af4ad5aa', '902a4fe7-29de-456f-ba7f-9093c4753bd5', 5, NULL, NULL, NULL, 5, '2025-11-04T00:57:51.600556+00:00', '2025-11-04T00:57:51.600556+00:00');
INSERT INTO itinerary_days (id, itinerary_id, day_number, date, city_name, notes, display_order, created_at, updated_at) VALUES ('61e4674a-ed61-4e32-84b2-91bb0f725aae', '902a4fe7-29de-456f-ba7f-9093c4753bd5', 6, NULL, NULL, NULL, 6, '2025-11-04T00:57:51.926488+00:00', '2025-11-04T00:57:51.926488+00:00');
INSERT INTO itinerary_days (id, itinerary_id, day_number, date, city_name, notes, display_order, created_at, updated_at) VALUES ('063b05d5-657c-47d9-8190-7ab21cc1771b', '902a4fe7-29de-456f-ba7f-9093c4753bd5', 7, NULL, NULL, NULL, 7, '2025-11-04T00:57:52.360597+00:00', '2025-11-04T00:57:52.360597+00:00');
INSERT INTO itinerary_days (id, itinerary_id, day_number, date, city_name, notes, display_order, created_at, updated_at) VALUES ('eadd6e51-809e-4b91-b215-1a3adc04121d', 'ba6b02fc-3d93-4972-a049-b2e8a6c1c3af', 2, NULL, NULL, NULL, 2, '2025-11-08T08:29:54.079062+00:00', '2025-11-08T08:29:54.079062+00:00');
INSERT INTO itinerary_days (id, itinerary_id, day_number, date, city_name, notes, display_order, created_at, updated_at) VALUES ('22a12e0f-bb1b-4c83-a138-b066d1db72af', 'ba6b02fc-3d93-4972-a049-b2e8a6c1c3af', 1, NULL, 'g', NULL, 1, '2025-11-08T08:29:46.009385+00:00', '2025-11-08T08:29:46.009385+00:00');
INSERT INTO itinerary_days (id, itinerary_id, day_number, date, city_name, notes, display_order, created_at, updated_at) VALUES ('90971a79-0314-4b4d-b757-6ffbc8d7b54c', 'b935db38-a652-491d-95b5-a4c3a716af7b', 1, NULL, NULL, NULL, 1, '2025-11-19T04:33:49.694687+00:00', '2025-11-19T04:33:49.694687+00:00');

-- Table: itinerary_items (32 rows)
INSERT INTO itinerary_items (id, itinerary_id, day_id, package_type, package_id, operator_id, package_title, package_image_url, configuration, unit_price, quantity, total_price, display_order, notes, created_at, updated_at) VALUES ('763fbdfd-8f0e-4b52-9b2e-c63d2372a616', '902a4fe7-29de-456f-ba7f-9093c4753bd5', 'ccc46934-a97e-4967-8b1f-4a7a2862998c', 'activity', '2221f6bd-9fd7-4c6a-b65c-378e06937aa7', '0afbb77a-e2fa-4de8-8a24-2ed473ab7c2c', 'Half Day Kintamani Volcano Viewing with Ubud Village from Ubud', NULL, '{"quantity":1,"packageType":"TICKET_ONLY","selectedVehicle":null,"selectedPricingPackageId":"b68869ba-f14e-49f6-9c1a-3753d1167b53"}'::jsonb, 15, 1, 15, 0, NULL, '2025-11-04T00:57:26.540255+00:00', '2025-11-04T00:57:26.540255+00:00');
INSERT INTO itinerary_items (id, itinerary_id, day_id, package_type, package_id, operator_id, package_title, package_image_url, configuration, unit_price, quantity, total_price, display_order, notes, created_at, updated_at) VALUES ('6769d1dc-980f-4d3f-a04d-dcf4fa428e88', '902a4fe7-29de-456f-ba7f-9093c4753bd5', '8823eb70-e541-45af-b42c-1182af4ad5aa', 'transfer', '592f9296-f2ba-4a3b-9f11-742774a88137', '1e667b74-35da-4c13-8724-420abab6afe8', 'Bali Airport VIP Transfer Service', NULL, '{"hours":1,"quantity":1,"pricingType":"point-to-point","selectedOption":null}'::jsonb, 75, 1, 75, 0, NULL, '2025-11-04T00:58:04.860946+00:00', '2025-11-04T00:58:04.860946+00:00');
INSERT INTO itinerary_items (id, itinerary_id, day_id, package_type, package_id, operator_id, package_title, package_image_url, configuration, unit_price, quantity, total_price, display_order, notes, created_at, updated_at) VALUES ('1865fcdd-2b0d-427b-8065-0c90d0205e2a', '902a4fe7-29de-456f-ba7f-9093c4753bd5', 'cb2d1eac-7688-4546-88b1-b930718ba27b', 'activity', 'cd7007e4-dace-4173-ac09-a85c26b9b6f7', 'aec03c31-c80b-482b-8940-c20d8e6817c9', 'Mount Batur Sunrise Trekking Experience', NULL, '{"quantity":1,"packageType":"TICKET_ONLY","selectedVehicle":null,"selectedPricingPackageId":null}'::jsonb, 225, 1, 225, 0, NULL, '2025-11-04T00:59:27.779543+00:00', '2025-11-04T00:59:27.779543+00:00');
INSERT INTO itinerary_items (id, itinerary_id, day_id, package_type, package_id, operator_id, package_title, package_image_url, configuration, unit_price, quantity, total_price, display_order, notes, created_at, updated_at) VALUES ('c7732ea5-06dd-4a6e-825a-b732d874d2b0', '902a4fe7-29de-456f-ba7f-9093c4753bd5', '2941fdb7-eac2-4ab6-a05f-f63dd9dd7cba', 'activity', 'eeb0b464-d065-4740-8599-3e88442c4155', '0afbb77a-e2fa-4de8-8a24-2ed473ab7c2c', 'bali test3', NULL, '{"quantity":1,"packageType":"TICKET_ONLY","selectedVehicle":null,"selectedPricingPackageId":"b1ed6427-4589-46e2-afab-d2d43a71824e"}'::jsonb, 600, 1, 600, 0, NULL, '2025-11-04T00:58:50.415938+00:00', '2025-11-04T00:58:50.415938+00:00');
INSERT INTO itinerary_items (id, itinerary_id, day_id, package_type, package_id, operator_id, package_title, package_image_url, configuration, unit_price, quantity, total_price, display_order, notes, created_at, updated_at) VALUES ('11caf172-4265-4068-840a-ffe7f91add66', '902a4fe7-29de-456f-ba7f-9093c4753bd5', 'fe2222a9-a1e2-4b8d-8c35-7a34c37f6460', 'activity', 'bd3e55ad-1dd7-4efb-b753-8e7ef2b6c776', 'aec03c31-c80b-482b-8940-c20d8e6817c9', 'White Water Rafting on Ayung River', NULL, '{"quantity":1,"packageType":"TICKET_ONLY","selectedVehicle":null,"selectedPricingPackageId":null}'::jsonb, 195, 1, 195, 0, NULL, '2025-11-04T00:59:54.660159+00:00', '2025-11-04T00:59:54.660159+00:00');
INSERT INTO itinerary_items (id, itinerary_id, day_id, package_type, package_id, operator_id, package_title, package_image_url, configuration, unit_price, quantity, total_price, display_order, notes, created_at, updated_at) VALUES ('aad37a04-d307-4206-b761-ff8fccdd3fda', '902a4fe7-29de-456f-ba7f-9093c4753bd5', '61e4674a-ed61-4e32-84b2-91bb0f725aae', 'activity', 'aee75df7-0e6a-4305-90d5-1aea4df7fac6', '610a6d73-8d0f-4ada-ad2c-d14162611612', 'Borobudur Temple Sunrise Tour', NULL, '{"quantity":1,"packageType":"TICKET_ONLY","selectedVehicle":null,"selectedPricingPackageId":null}'::jsonb, 255, 1, 255, 0, NULL, '2025-11-04T01:00:09.941947+00:00', '2025-11-04T01:00:09.941947+00:00');
INSERT INTO itinerary_items (id, itinerary_id, day_id, package_type, package_id, operator_id, package_title, package_image_url, configuration, unit_price, quantity, total_price, display_order, notes, created_at, updated_at) VALUES ('3f5f8a40-2379-4e5b-a6f2-bfb3034ccebb', '902a4fe7-29de-456f-ba7f-9093c4753bd5', '063b05d5-657c-47d9-8190-7ab21cc1771b', 'transfer', 'cb66a2d3-183d-4164-b564-07810887eeda', '610a6d73-8d0f-4ada-ad2c-d14162611612', 'Yogyakarta Airport to Hotels Transfer', NULL, '{"hours":1,"quantity":1,"pricingType":"point-to-point","selectedOption":null}'::jsonb, 25, 1, 25, 0, NULL, '2025-11-04T01:00:41.058663+00:00', '2025-11-04T01:00:41.058663+00:00');
INSERT INTO itinerary_items (id, itinerary_id, day_id, package_type, package_id, operator_id, package_title, package_image_url, configuration, unit_price, quantity, total_price, display_order, notes, created_at, updated_at) VALUES ('a5d4edfb-4530-4abc-a46c-dc7b461af48d', 'ba6b02fc-3d93-4972-a049-b2e8a6c1c3af', '22a12e0f-bb1b-4c83-a138-b066d1db72af', 'activity', 'cd7007e4-dace-4173-ac09-a85c26b9b6f7', 'aec03c31-c80b-482b-8940-c20d8e6817c9', 'Mount Batur Sunrise Trekking Experience', NULL, '{"quantity":1,"packageType":"TICKET_ONLY","selectedVehicle":null,"selectedPricingPackageId":null}'::jsonb, 150, 1, 150, 0, NULL, '2025-11-08T08:29:49.085799+00:00', '2025-11-08T08:29:49.085799+00:00');
INSERT INTO itinerary_items (id, itinerary_id, day_id, package_type, package_id, operator_id, package_title, package_image_url, configuration, unit_price, quantity, total_price, display_order, notes, created_at, updated_at) VALUES ('9c37285e-ad6f-4e09-9794-946cc40babc7', 'ba6b02fc-3d93-4972-a049-b2e8a6c1c3af', '22a12e0f-bb1b-4c83-a138-b066d1db72af', 'activity', 'aee75df7-0e6a-4305-90d5-1aea4df7fac6', '610a6d73-8d0f-4ada-ad2c-d14162611612', 'Borobudur Temple Sunrise Tour', NULL, '{"quantity":1,"packageType":"TICKET_ONLY","selectedVehicle":null,"selectedPricingPackageId":null}'::jsonb, 170, 1, 170, 0, NULL, '2025-11-08T08:29:59.098869+00:00', '2025-11-08T08:29:59.098869+00:00');
INSERT INTO itinerary_items (id, itinerary_id, day_id, package_type, package_id, operator_id, package_title, package_image_url, configuration, unit_price, quantity, total_price, display_order, notes, created_at, updated_at) VALUES ('7846bd76-7333-498c-9673-fae168e13dd8', 'ba6b02fc-3d93-4972-a049-b2e8a6c1c3af', '22a12e0f-bb1b-4c83-a138-b066d1db72af', 'transfer', '6264e6bd-b19e-41c9-86b7-9ad967599304', 'aec03c31-c80b-482b-8940-c20d8e6817c9', 'Bali Airport to Ubud Hotels Transfer', NULL, '{"hours":1,"quantity":1,"pricingType":"point-to-point","selectedOption":null}'::jsonb, 35, 1, 35, 0, NULL, '2025-11-08T08:30:25.419492+00:00', '2025-11-08T08:30:25.419492+00:00');
INSERT INTO itinerary_items (id, itinerary_id, day_id, package_type, package_id, operator_id, package_title, package_image_url, configuration, unit_price, quantity, total_price, display_order, notes, created_at, updated_at) VALUES ('9170c595-b9e2-4692-83b4-805acd8dc282', '43432d60-36f5-4e60-aab2-6440474be79c', NULL, 'multi_city', 'e1c0ed70-c351-4010-ac83-c4967b3a5753', 'df946aac-f0da-43bd-9830-25b9a6dbd0e9', 'Thailand Highlights: Phuket & Bangkok Express', 'https://images.unsplash.com/photo-1528181304800-259b08848526?w=800', '{"quantity":1,"pricingType":"PRIVATE_PACKAGE","selectedHotels":[],"selectedVehicle":"24e77963-8571-489e-8e31-50fc96a52a9d","selectedPricingRowId":"24e77963-8571-489e-8e31-50fc96a52a9d"}'::jsonb, 1600, 1, 1600, 0, NULL, '2025-11-16T05:50:14.929+00:00', '2025-11-16T05:50:14.929+00:00');
INSERT INTO itinerary_items (id, itinerary_id, day_id, package_type, package_id, operator_id, package_title, package_image_url, configuration, unit_price, quantity, total_price, display_order, notes, created_at, updated_at) VALUES ('b587c58b-c134-48a9-b07d-8e3bdd76929c', '43432d60-36f5-4e60-aab2-6440474be79c', NULL, 'multi_city', 'e1c0ed70-c351-4010-ac83-c4967b3a5753', 'df946aac-f0da-43bd-9830-25b9a6dbd0e9', 'Thailand Highlights: Phuket & Bangkok Express', 'https://images.unsplash.com/photo-1528181304800-259b08848526?w=800', '{"quantity":1,"pricingType":"PRIVATE_PACKAGE","selectedHotels":[],"selectedVehicle":null,"selectedPricingRowId":"6a412709-b526-4fb5-b2cc-ade50ff3b090"}'::jsonb, 1200, 1, 1200, 0, NULL, '2025-11-16T05:56:51.965959+00:00', '2025-11-16T05:56:51.965959+00:00');
INSERT INTO itinerary_items (id, itinerary_id, day_id, package_type, package_id, operator_id, package_title, package_image_url, configuration, unit_price, quantity, total_price, display_order, notes, created_at, updated_at) VALUES ('3d16ed06-fdf8-41ce-9b25-c637d6e5720b', '43432d60-36f5-4e60-aab2-6440474be79c', NULL, 'multi_city', 'e1c0ed70-c351-4010-ac83-c4967b3a5753', 'df946aac-f0da-43bd-9830-25b9a6dbd0e9', 'Thailand Highlights: Phuket & Bangkok Express', 'https://images.unsplash.com/photo-1528181304800-259b08848526?w=800', '{"quantity":1,"pricingType":"PRIVATE_PACKAGE","selectedHotels":[],"selectedVehicle":null,"selectedPricingRowId":"6a412709-b526-4fb5-b2cc-ade50ff3b090"}'::jsonb, 1200, 1, 1200, 0, NULL, '2025-11-16T06:00:21.316679+00:00', '2025-11-16T06:00:21.316679+00:00');
INSERT INTO itinerary_items (id, itinerary_id, day_id, package_type, package_id, operator_id, package_title, package_image_url, configuration, unit_price, quantity, total_price, display_order, notes, created_at, updated_at) VALUES ('7902a2fc-2de0-459c-abc9-c3acc8080a77', '43432d60-36f5-4e60-aab2-6440474be79c', NULL, 'multi_city', 'e1c0ed70-c351-4010-ac83-c4967b3a5753', 'df946aac-f0da-43bd-9830-25b9a6dbd0e9', 'Thailand Highlights: Phuket & Bangkok Express', 'https://images.unsplash.com/photo-1528181304800-259b08848526?w=800', '{"quantity":1,"pricingType":"PRIVATE_PACKAGE","selectedHotels":[],"selectedVehicle":null,"selectedPricingRowId":"6a412709-b526-4fb5-b2cc-ade50ff3b090"}'::jsonb, 1200, 1, 1200, 0, NULL, '2025-11-16T07:11:50.995404+00:00', '2025-11-16T07:11:50.995404+00:00');
INSERT INTO itinerary_items (id, itinerary_id, day_id, package_type, package_id, operator_id, package_title, package_image_url, configuration, unit_price, quantity, total_price, display_order, notes, created_at, updated_at) VALUES ('0d662c73-63a8-46ab-ae68-d69820121fef', '43432d60-36f5-4e60-aab2-6440474be79c', NULL, 'multi_city', 'e1c0ed70-c351-4010-ac83-c4967b3a5753', 'df946aac-f0da-43bd-9830-25b9a6dbd0e9', 'Thailand Highlights: Phuket & Bangkok Express', 'https://images.unsplash.com/photo-1528181304800-259b08848526?w=800', '{"quantity":1,"pricingType":"PRIVATE_PACKAGE","selectedHotels":[],"selectedVehicle":null,"selectedPricingRowId":"6a412709-b526-4fb5-b2cc-ade50ff3b090"}'::jsonb, 1200, 1, 1200, 0, NULL, '2025-11-16T07:39:13.647805+00:00', '2025-11-16T07:39:13.647805+00:00');
INSERT INTO itinerary_items (id, itinerary_id, day_id, package_type, package_id, operator_id, package_title, package_image_url, configuration, unit_price, quantity, total_price, display_order, notes, created_at, updated_at) VALUES ('6020ad9f-a688-4228-9af1-1306add8850f', '43432d60-36f5-4e60-aab2-6440474be79c', NULL, 'multi_city', 'e1c0ed70-c351-4010-ac83-c4967b3a5753', 'df946aac-f0da-43bd-9830-25b9a6dbd0e9', 'Thailand Highlights: Phuket & Bangkok Express', 'https://images.unsplash.com/photo-1528181304800-259b08848526?w=800', '{"quantity":1,"pricingType":"PRIVATE_PACKAGE","selectedHotels":[],"selectedVehicle":null,"selectedPricingRowId":"6a412709-b526-4fb5-b2cc-ade50ff3b090"}'::jsonb, 1200, 1, 1200, 0, NULL, '2025-11-16T07:50:36.909006+00:00', '2025-11-16T07:50:36.909006+00:00');
INSERT INTO itinerary_items (id, itinerary_id, day_id, package_type, package_id, operator_id, package_title, package_image_url, configuration, unit_price, quantity, total_price, display_order, notes, created_at, updated_at) VALUES ('c1f6a233-8622-4da1-ba4f-ae5df8a9b116', '43432d60-36f5-4e60-aab2-6440474be79c', NULL, 'multi_city', 'e1c0ed70-c351-4010-ac83-c4967b3a5753', 'df946aac-f0da-43bd-9830-25b9a6dbd0e9', 'Thailand Highlights: Phuket & Bangkok Express', 'https://images.unsplash.com/photo-1528181304800-259b08848526?w=800', '{"quantity":1,"transfers":[],"activities":[],"pricingType":"SIC","selectedHotels":[],"selectedVehicle":null,"selectedPricingRowId":null}'::jsonb, 1200, 1, 1200, 0, NULL, '2025-11-16T10:36:33.28437+00:00', '2025-11-16T10:36:33.28437+00:00');
INSERT INTO itinerary_items (id, itinerary_id, day_id, package_type, package_id, operator_id, package_title, package_image_url, configuration, unit_price, quantity, total_price, display_order, notes, created_at, updated_at) VALUES ('6fa3a44e-93d6-4742-9a24-61130b829ed0', '43432d60-36f5-4e60-aab2-6440474be79c', NULL, 'multi_city', '6150eb3b-3d1a-4807-9e57-0360dbe8ddf0', '0afbb77a-e2fa-4de8-8a24-2ed473ab7c2c', 'Grand Indonesia - Test', NULL, '{"quantity":1,"transfers":[],"activities":[],"pricingType":"SIC","selectedHotels":[],"selectedVehicle":null,"selectedPricingRowId":null}'::jsonb, 1200, 1, 1200, 0, NULL, '2025-11-16T10:53:46.859854+00:00', '2025-11-16T10:53:46.859854+00:00');
INSERT INTO itinerary_items (id, itinerary_id, day_id, package_type, package_id, operator_id, package_title, package_image_url, configuration, unit_price, quantity, total_price, display_order, notes, created_at, updated_at) VALUES ('4c48106b-f582-4e51-8278-579536dec81a', '43432d60-36f5-4e60-aab2-6440474be79c', NULL, 'multi_city', '6150eb3b-3d1a-4807-9e57-0360dbe8ddf0', '0afbb77a-e2fa-4de8-8a24-2ed473ab7c2c', 'Grand Indonesia - Test', NULL, '{"quantity":1,"transfers":[],"activities":[],"pricingType":"SIC","selectedHotels":[],"selectedVehicle":null,"selectedPricingRowId":null}'::jsonb, 1200, 1, 1200, 0, NULL, '2025-11-16T11:21:34.866607+00:00', '2025-11-16T11:21:34.866607+00:00');
INSERT INTO itinerary_items (id, itinerary_id, day_id, package_type, package_id, operator_id, package_title, package_image_url, configuration, unit_price, quantity, total_price, display_order, notes, created_at, updated_at) VALUES ('16187f5a-3656-4127-8797-8d2e085b6fc1', '43432d60-36f5-4e60-aab2-6440474be79c', NULL, 'multi_city', '6150eb3b-3d1a-4807-9e57-0360dbe8ddf0', '0afbb77a-e2fa-4de8-8a24-2ed473ab7c2c', 'Grand Indonesia - Test', NULL, '{"quantity":1,"transfers":[],"activities":[],"pricingType":"SIC","selectedHotels":[],"selectedVehicle":null,"selectedPricingRowId":null}'::jsonb, 1200, 1, 1200, 0, NULL, '2025-11-16T11:45:20.834143+00:00', '2025-11-16T11:45:20.834143+00:00');
INSERT INTO itinerary_items (id, itinerary_id, day_id, package_type, package_id, operator_id, package_title, package_image_url, configuration, unit_price, quantity, total_price, display_order, notes, created_at, updated_at) VALUES ('4a4c166e-6e21-40c7-9475-e0bc9f3a7fd9', '43432d60-36f5-4e60-aab2-6440474be79c', NULL, 'multi_city', '6150eb3b-3d1a-4807-9e57-0360dbe8ddf0', '0afbb77a-e2fa-4de8-8a24-2ed473ab7c2c', 'Grand Indonesia - Test', NULL, '{"quantity":1,"transfers":[],"activities":[],"pricingType":"SIC","selectedHotels":[],"selectedVehicle":null,"selectedPricingRowId":null}'::jsonb, 1200, 1, 1200, 0, NULL, '2025-11-16T11:48:24.154843+00:00', '2025-11-16T11:48:24.154843+00:00');
INSERT INTO itinerary_items (id, itinerary_id, day_id, package_type, package_id, operator_id, package_title, package_image_url, configuration, unit_price, quantity, total_price, display_order, notes, created_at, updated_at) VALUES ('2f842c14-93d1-421a-9479-632dd61ede0e', '43432d60-36f5-4e60-aab2-6440474be79c', NULL, 'multi_city', 'c8167d5a-6416-4f97-9bf5-0d7c94bc0377', '0afbb77a-e2fa-4de8-8a24-2ed473ab7c2c', 'Grand Indonesia - Test 3', NULL, '{"quantity":1,"transfers":[],"activities":[],"pricingType":"SIC","selectedHotels":[],"selectedVehicle":null,"selectedPricingRowId":null}'::jsonb, 1200, 1, 1200, 0, NULL, '2025-11-16T12:04:42.85776+00:00', '2025-11-16T12:04:42.85776+00:00');
INSERT INTO itinerary_items (id, itinerary_id, day_id, package_type, package_id, operator_id, package_title, package_image_url, configuration, unit_price, quantity, total_price, display_order, notes, created_at, updated_at) VALUES ('b78e9f88-477f-465a-afb0-b8309c3e9d91', '43432d60-36f5-4e60-aab2-6440474be79c', NULL, 'multi_city', '6150eb3b-3d1a-4807-9e57-0360dbe8ddf0', '0afbb77a-e2fa-4de8-8a24-2ed473ab7c2c', 'Grand Indonesia - Test', NULL, '{"quantity":1,"transfers":[],"activities":[],"pricingType":"SIC","selectedHotels":[],"selectedVehicle":null,"selectedPricingRowId":null}'::jsonb, 1200, 1, 1200, 0, NULL, '2025-11-16T13:14:17.916032+00:00', '2025-11-16T13:14:17.916032+00:00');
INSERT INTO itinerary_items (id, itinerary_id, day_id, package_type, package_id, operator_id, package_title, package_image_url, configuration, unit_price, quantity, total_price, display_order, notes, created_at, updated_at) VALUES ('0cdb5692-c102-4509-a609-51c6dddf79d6', '43432d60-36f5-4e60-aab2-6440474be79c', NULL, 'multi_city', 'c8167d5a-6416-4f97-9bf5-0d7c94bc0377', '0afbb77a-e2fa-4de8-8a24-2ed473ab7c2c', 'Grand Indonesia - Test 3', NULL, '{"quantity":1,"transfers":[],"activities":[],"pricingType":"SIC","selectedHotels":[],"selectedVehicle":null,"selectedPricingRowId":null}'::jsonb, 1200, 1, 1200, 0, NULL, '2025-11-16T13:14:58.152978+00:00', '2025-11-16T13:14:58.152978+00:00');
INSERT INTO itinerary_items (id, itinerary_id, day_id, package_type, package_id, operator_id, package_title, package_image_url, configuration, unit_price, quantity, total_price, display_order, notes, created_at, updated_at) VALUES ('3a23d784-6ced-4a35-a0a3-5efa6a60a00b', '43432d60-36f5-4e60-aab2-6440474be79c', NULL, 'multi_city', 'c8167d5a-6416-4f97-9bf5-0d7c94bc0377', '0afbb77a-e2fa-4de8-8a24-2ed473ab7c2c', 'Grand Indonesia - Test 3', NULL, '{"quantity":1,"transfers":[],"activities":[],"pricingType":"SIC","selectedHotels":[],"selectedVehicle":null,"selectedPricingRowId":null}'::jsonb, 1200, 1, 1200, 0, NULL, '2025-11-16T14:04:37.700188+00:00', '2025-11-16T14:04:37.700188+00:00');
INSERT INTO itinerary_items (id, itinerary_id, day_id, package_type, package_id, operator_id, package_title, package_image_url, configuration, unit_price, quantity, total_price, display_order, notes, created_at, updated_at) VALUES ('ba1519e1-2767-46ed-a5c7-efe7979ec850', '43432d60-36f5-4e60-aab2-6440474be79c', NULL, 'activity', '31833cc5-845e-4ef8-80a1-bac64345a7e9', '0afbb77a-e2fa-4de8-8a24-2ed473ab7c2c', 'Lombok activity', NULL, '{}'::jsonb, 0, 1, 0, 0, NULL, '2025-11-16T14:19:34.026678+00:00', '2025-11-16T14:19:34.026678+00:00');
INSERT INTO itinerary_items (id, itinerary_id, day_id, package_type, package_id, operator_id, package_title, package_image_url, configuration, unit_price, quantity, total_price, display_order, notes, created_at, updated_at) VALUES ('858b442b-1632-4a92-b63d-cabf1eeac7f6', 'b935db38-a652-491d-95b5-a4c3a716af7b', NULL, 'multi_city', '73893a63-f704-4417-8a05-dc9f9ca70687', 'df946aac-f0da-43bd-9830-25b9a6dbd0e9', 'Bali Island Paradise: Ubud & Seminyak', 'https://images.unsplash.com/photo-1537996194471-e657df975ab4?w=800', '{"quantity":1,"transfers":[],"activities":[],"pricingType":"SIC","selectedHotels":[],"selectedVehicle":null,"selectedPricingRowId":null}'::jsonb, 750, 1, 750, 0, NULL, '2025-11-20T04:11:51.991241+00:00', '2025-11-20T04:11:51.991241+00:00');
INSERT INTO itinerary_items (id, itinerary_id, day_id, package_type, package_id, operator_id, package_title, package_image_url, configuration, unit_price, quantity, total_price, display_order, notes, created_at, updated_at) VALUES ('c82c6b8e-f764-428d-a0b6-ed5dfab00e15', 'b935db38-a652-491d-95b5-a4c3a716af7b', NULL, 'multi_city', '73893a63-f704-4417-8a05-dc9f9ca70687', 'df946aac-f0da-43bd-9830-25b9a6dbd0e9', 'Bali Island Paradise: Ubud & Seminyak', 'https://images.unsplash.com/photo-1537996194471-e657df975ab4?w=800', '{"quantity":1,"transfers":[],"activities":[],"pricingType":"SIC","selectedHotels":[],"selectedVehicle":null,"selectedPricingRowId":null}'::jsonb, 750, 1, 750, 0, NULL, '2025-11-20T04:11:52.985086+00:00', '2025-11-20T04:11:52.985086+00:00');
INSERT INTO itinerary_items (id, itinerary_id, day_id, package_type, package_id, operator_id, package_title, package_image_url, configuration, unit_price, quantity, total_price, display_order, notes, created_at, updated_at) VALUES ('fef7b5c6-8e1d-4435-9ab5-2d20f032e4fa', 'b935db38-a652-491d-95b5-a4c3a716af7b', NULL, 'multi_city', '73893a63-f704-4417-8a05-dc9f9ca70687', 'df946aac-f0da-43bd-9830-25b9a6dbd0e9', 'Bali Island Paradise: Ubud & Seminyak', 'https://images.unsplash.com/photo-1537996194471-e657df975ab4?w=800', '{"quantity":1,"transfers":[],"activities":[],"lastUpdated":"2025-11-20T04:12:04.905Z","pricingType":"SIC","selectedHotels":[],"selectedVehicle":null,"selectedPricingRowId":"8658d543-70d2-4276-b5c5-267e66f7ecf1"}'::jsonb, 750, 1, 0, 0, NULL, '2025-11-20T04:11:53.788678+00:00', '2025-11-20T04:12:04.905+00:00');
INSERT INTO itinerary_items (id, itinerary_id, day_id, package_type, package_id, operator_id, package_title, package_image_url, configuration, unit_price, quantity, total_price, display_order, notes, created_at, updated_at) VALUES ('bceedd11-ea18-4a7f-be94-1b89b40c0c92', 'b935db38-a652-491d-95b5-a4c3a716af7b', NULL, 'multi_city', '73893a63-f704-4417-8a05-dc9f9ca70687', 'df946aac-f0da-43bd-9830-25b9a6dbd0e9', 'Bali Island Paradise: Ubud & Seminyak', 'https://images.unsplash.com/photo-1537996194471-e657df975ab4?w=800', '{"quantity":1,"transfers":[],"activities":[],"lastUpdated":"2025-11-20T05:27:45.923Z","pricingType":"SIC","selectedHotels":[],"selectedVehicle":null,"selectedPricingRowId":null}'::jsonb, 750, 1, 0, 0, NULL, '2025-11-20T05:27:27.963341+00:00', '2025-11-20T05:27:45.923+00:00');
INSERT INTO itinerary_items (id, itinerary_id, day_id, package_type, package_id, operator_id, package_title, package_image_url, configuration, unit_price, quantity, total_price, display_order, notes, created_at, updated_at) VALUES ('e940e7ad-9596-4ff4-b84d-d060e79278ee', 'b935db38-a652-491d-95b5-a4c3a716af7b', NULL, 'multi_city', '73893a63-f704-4417-8a05-dc9f9ca70687', 'df946aac-f0da-43bd-9830-25b9a6dbd0e9', 'Bali Island Paradise: Ubud & Seminyak', 'https://images.unsplash.com/photo-1537996194471-e657df975ab4?w=800', '{"quantity":1,"transfers":[],"activities":[],"pricingType":"SIC","selectedHotels":[],"selectedVehicle":null,"selectedPricingRowId":null}'::jsonb, 750, 1, 750, 0, NULL, '2025-11-20T05:28:07.921371+00:00', '2025-11-20T05:28:07.921371+00:00');
INSERT INTO itinerary_items (id, itinerary_id, day_id, package_type, package_id, operator_id, package_title, package_image_url, configuration, unit_price, quantity, total_price, display_order, notes, created_at, updated_at) VALUES ('7da423a1-d1bb-4dbd-adbe-f63f41a4c20a', 'b935db38-a652-491d-95b5-a4c3a716af7b', NULL, 'multi_city', '03bea6c0-d0a7-4241-b0fb-af44da182ebc', 'df946aac-f0da-43bd-9830-25b9a6dbd0e9', 'Bali Island Paradise: Ubud & Seminyak Experience', 'https://images.unsplash.com/photo-1518548419970-58e3b4079ab2?w=800', '{"quantity":1,"transfers":[],"activities":[],"lastUpdated":"2025-11-20T05:29:08.121Z","pricingType":"SIC","selectedHotels":[],"selectedVehicle":null,"selectedPricingRowId":null}'::jsonb, 750, 1, 0, 0, NULL, '2025-11-20T05:29:04.150941+00:00', '2025-11-20T05:29:08.122+00:00');

-- Table: itinerary_queries (1 rows)
INSERT INTO itinerary_queries (id, lead_id, agent_id, destinations, leaving_from, nationality, leaving_on, travelers, star_rating, add_transfers, created_at, updated_at) VALUES ('406e20a5-bbaf-4149-9dcb-d84d61a0ea57', '6d46eeb0-3e0d-463b-bd38-fcf430dc4310', '24ad6ddb-5a54-4308-8da7-42cdf8a10bea', '[{"city":"Ubud","nights":2},{"city":"Lombok","nights":3},{"city":"Legion","nights":4}]'::jsonb, 'Delhi', 'India', '2025-11-13', '{"rooms":1,"adults":2,"infants":0,"children":2}'::jsonb, 3, TRUE, '2025-11-08T14:19:28.173385+00:00', '2025-11-16T10:40:13.986288+00:00');

-- Table: leads (2 rows)
INSERT INTO leads (id, agent_id, customer_name, customer_email, customer_phone, customer_address, destination, trip_type, budget_min, budget_max, duration_days, travelers_count, travel_date_start, travel_date_end, source, priority, stage, assigned_to, requirements, notes, tags, marketplace_lead_id, is_purchased, purchased_from_marketplace, purchase_id, next_follow_up_date, last_contacted_at, converted_to_booking, booking_id, estimated_value, created_at, updated_at) VALUES ('ef216d86-3939-4a70-8012-0f6158d6e3de', '24ad6ddb-5a54-4308-8da7-42cdf8a10bea', 'Customer', 'customer@example.com', NULL, NULL, 'Bali & Lombok, Indonesia', NULL, 3000, 4000, 4, 3, NULL, NULL, 'MARKETPLACE', 'MEDIUM', 'NEW', NULL, NULL, NULL, NULL, 'fbdef5aa-ddfb-4018-a343-d4656769cc27', TRUE, TRUE, '87134c5b-c989-47de-b3d6-b054151418b0', NULL, NULL, FALSE, NULL, NULL, '2025-11-03T01:44:29.947254+00:00', '2025-11-03T01:44:29.947254+00:00');
INSERT INTO leads (id, agent_id, customer_name, customer_email, customer_phone, customer_address, destination, trip_type, budget_min, budget_max, duration_days, travelers_count, travel_date_start, travel_date_end, source, priority, stage, assigned_to, requirements, notes, tags, marketplace_lead_id, is_purchased, purchased_from_marketplace, purchase_id, next_follow_up_date, last_contacted_at, converted_to_booking, booking_id, estimated_value, created_at, updated_at) VALUES ('f141ab9d-d4ee-4657-9453-83bf45526e89', '24ad6ddb-5a54-4308-8da7-42cdf8a10bea', 'Sarah & John Mitchell', 'sarah.mitchell@example.com', '+1-555-0123', NULL, 'Bali, Indonesia', NULL, 2500, 3500, 4, 2, NULL, NULL, 'MARKETPLACE', 'MEDIUM', 'NEW', NULL, 'Interested in mountain trekking, water sports, and cultural temple visits. Prefer active experiences.', NULL, NULL, '6d46eeb0-3e0d-463b-bd38-fcf430dc4310', TRUE, TRUE, 'c06aa341-49e7-4bc5-88fb-fc2511b14640', NULL, NULL, FALSE, NULL, NULL, '2025-11-08T08:06:54.307925+00:00', '2025-11-08T08:06:54.307925+00:00');

-- Table: lead_marketplace (3 rows)
INSERT INTO lead_marketplace (id, title, destination, trip_type, budget_min, budget_max, duration_days, travelers_count, travel_date_start, travel_date_end, special_requirements, lead_quality_score, lead_price, status, posted_at, expires_at, created_at, updated_at, customer_name, customer_email, customer_phone, detailed_requirements) VALUES ('6d46eeb0-3e0d-463b-bd38-fcf430dc4310', 'Bali Adventure & Culture - 4 Days', 'Bali, Indonesia', 'ADVENTURE', 2500, 3500, 4, 2, '2025-12-01', '2026-03-01', 'Interested in mountain trekking, water sports, and cultural temple visits. Prefer active experiences.', 88, 125, 'AVAILABLE', '2025-11-01T10:55:36.135647+00:00', '2025-12-31T00:00:00+00:00', '2025-11-01T10:55:36.135647+00:00', '2025-11-01T10:55:36.135647+00:00', 'Sarah & John Mitchell', 'sarah.mitchell@example.com', '+1-555-0123', 'We''re celebrating our anniversary. Want a mix of adventure and relaxation. Prefer eco-friendly operators. Vegetarian meal options preferred.');
INSERT INTO lead_marketplace (id, title, destination, trip_type, budget_min, budget_max, duration_days, travelers_count, travel_date_start, travel_date_end, special_requirements, lead_quality_score, lead_price, status, posted_at, expires_at, created_at, updated_at, customer_name, customer_email, customer_phone, detailed_requirements) VALUES ('3a9736f6-c20c-4398-b9cb-d93069e067e3', 'Java Cultural Heritage Tour', 'Yogyakarta, Central Java, Indonesia', 'CULTURAL', 1800, 2500, 3, 1, NULL, NULL, 'Focus on historical sites, temples, and local culture. Solo traveler, prefer small group tours.', 82, 95, 'AVAILABLE', '2025-11-01T10:55:36.135647+00:00', '2025-12-16T00:00:00+00:00', '2025-11-01T10:55:36.135647+00:00', '2025-11-01T10:55:36.135647+00:00', 'Michael Chen', 'michael.chen@example.com', '+1-555-0456', 'First time in Indonesia. Interested in photography at historical sites. Comfortable with basic accommodations. Prefer morning tours for better lighting.');
INSERT INTO lead_marketplace (id, title, destination, trip_type, budget_min, budget_max, duration_days, travelers_count, travel_date_start, travel_date_end, special_requirements, lead_quality_score, lead_price, status, posted_at, expires_at, created_at, updated_at, customer_name, customer_email, customer_phone, detailed_requirements) VALUES ('fbdef5aa-ddfb-4018-a343-d4656769cc27', 'Island Hopping: Bali & Lombok Experience', 'Bali & Lombok, Indonesia', 'BEACH', 3000, 4000, 4, 3, '2025-12-31', NULL, 'Family vacation. Need child-friendly activities. Beach-focused but some cultural exposure. All transfers included.', 92, 150, 'AVAILABLE', '2025-11-01T10:55:36.135647+00:00', '2026-01-15T00:00:00+00:00', '2025-11-01T10:55:36.135647+00:00', '2025-11-01T10:55:36.135647+00:00', 'The Rodriguez Family', 'maria.rodriguez@example.com', '+1-555-0789', 'Traveling with 8-year-old child. Need family-friendly operators. Prefer morning activities (child''s energy levels). Vegetarian meal options required. Prefer beachfront accommodations.');

